	NO. OF QUARANTINE CENTRE W.R.T CORONA VIRUS	Unnamed: 1	Unnamed: 2	Unnamed: 3	Unnamed: 4	Unnamed: 5	Unnamed: 6	Unnamed: 7	CompleteAddress	Lat	Long
0	District	Name of Quarantine Centre	Hotel Rooms	No. of Rooms	"Capacity to
Accommodate Persons"	Facilities Available	Remarks		Name of Quarantine Centre District	0	0
1	Bahawalpur	The Islamia University Bahawalpur		866	1436	"Electricity, Water Supply, Wash rooms & Medical
facility"	Shared Wash Rooms		The Islamia University Bahawalpur Bahawalpur	29.3982985	71.6910248
2	Bahawalpur	79 Private Hotel	848		848	Attach Bath			79 Private Hotel Bahawalpur	38.86045102	-78.3245217
3	Bahawalnagar	"Girls Hostel Islamia University new
campus, Bahawalnagar"		55	128	All facilities available			"Girls Hostel Islamia University new
campus, Bahawalnagar Bahawalnagar"	0	0
4	Bahawalnagar	"Rice Research Center, Bahawalnagar"		13	26	All facilities available			"Rice Research Center, Bahawalnagar Bahawalnagar"	0	0
5	Bahawalnagar	"Daanish School (Boys & Girls), Chishtian"		40	256	All facilities available			"Daanish School (Boys & Girls), Chishtian Bahawalnagar"	0	0
6	Bahawalnagar	"Govt. Degree college Boys, Dahranwala"		21	178	All facilities available			"Govt. Degree college Boys, Dahranwala Bahawalnagar"	0	0
7	Bahawalnagar	"Govt. Girls Degree College Minchinabad
Hostels,"		27	45	All facilities available			"Govt. Girls Degree College Minchinabad
Hostels, Bahawalnagar"	0	0
8	Bahawalnagar	"Govt. Girls Degree College, Fortabbas"		13	125	All facilities available			"Govt. Girls Degree College, Fortabbas Bahawalnagar"	0	0
9	Bahawalnagar	"Govt. Degree College for Girls Latifabad,
Haroonabad"		26	230	All facilities available			"Govt. Degree College for Girls Latifabad,
Haroonabad Bahawalnagar"	0	0
10	Bahawalnagar	19 Private Hotel	242		243	All facilities available			19 Private Hotel Bahawalnagar	38.86049302	-78.32034299
11	R. Y. Khan	37 Private Hotel	620		620	Attach Bath			37 Private Hotel R. Y. Khan	38.8605727	-78.32160136
12	R. Y. Khan	"Islamia University of Bahawalpur Sub
Campus
RYK. Boys Hostel"		54	78	All Essential Facilities are available	"52 Romms, 2 Halls"		"Islamia University of Bahawalpur Sub
Campus
RYK. Boys Hostel R. Y. Khan"	0	0
13	R. Y. Khan	"Islamia University of Bahawalpur Sub
Campus
RYK. Girls Hostel"		54	72	All Essential Facilities are available	"52 Romms, 2 Halls"		"Islamia University of Bahawalpur Sub
Campus
RYK. Girls Hostel R. Y. Khan"	0	0
14	R. Y. Khan	"Khawaja Fareed University of Engineering
& Information Technology"		23	200	All Essential Facilities are available	23 Halls		"Khawaja Fareed University of Engineering
& Information Technology R. Y. Khan"	0	0
15	R. Y. Khan	Rahim Yar Khan Hospital		24	24	All Essential Facilities are available	Single Capacity		Rahim Yar Khan Hospital R. Y. Khan	28.416667	70.5
16	R. Y. Khan	Cardiac Block THQ Hospital SDK		10	45	All Essential Facilities are available	Halls		Cardiac Block THQ Hospital SDK R. Y. Khan	0	0
17	R. Y. Khan	"GBHS Murad Pur Sial, Tehsil Liaqatpur."		12	40	All Essential Facilities are available	Halls		"GBHS Murad Pur Sial, Tehsil Liaqatpur. R. Y. Khan"	0	0
18	R. Y. Khan	"Govt. Boys degree College Sehja, Tehsil
Khanpur"		50	50	All Essential Facilities are available	Single Capacity		"Govt. Boys degree College Sehja, Tehsil
Khanpur R. Y. Khan"	0	0
19	Total		1710	1288	4644					46.3144754	11.0480288
20	DG Khan	"Ghazi University Agriculture Campus near
Airport, D.G. Khan"		204	850	yes	"All daily use items & meals are
being provided regularly"		"Ghazi University Agriculture Campus near
Airport, D.G. Khan DG Khan"	0	0
21	DG Khan	Hotel One	35		35				Hotel One DG Khan	36.7015264	137.8444157
22	Layyah	GC University Faisalabad Layyah Campus		100	100	"Electricity, Water Supply, Separated rooms."	"08 Places are identified but not
Functional in District Layyah."		GC University Faisalabad Layyah Campus Layyah	0	0
23	Layyah	"Muhammad Ali Education University
Campus Layyah"		16	16	"Electricity, Water Supply, Separated rooms."			"Muhammad Ali Education University
Campus Layyah Layyah"	0	0
24	Layyah	"AIMS College /GC University Lahore
campus"		12	12	"Electricity, Water Supply, Separated rooms."			"AIMS College /GC University Lahore
campus Layyah"	0	0
25	Layyah	"Beacon Light College, Fatehpur"		25	25	"Electricity, Water Supply, Separated rooms."			"Beacon Light College, Fatehpur Layyah"	0	0
26	Layyah	"Govt. Degree College For Boys Peer
Jaggi."		20	20	"Electricity, Water Supply, Separated rooms."			"Govt. Degree College For Boys Peer
Jaggi. Layyah"	0	0
27	Layyah	Govt. Degree College For Girls Karor		30	30	"Electricity, Water Supply, Separated rooms."			Govt. Degree College For Girls Karor Layyah	0	0
28	Layyah	Govt. Degree College For Girls 90/ML		25	25	"Electricity, Water Supply, Separated rooms."			Govt. Degree College For Girls 90/ML Layyah	0	0
29	Layyah	Govt. Degree College For Boys Karor		30	30	"Electricity, Water Supply, Separated rooms."			Govt. Degree College For Boys Karor Layyah	0	0
30	Muzaffargarh	Aroma Inn	8		14		One Star		Aroma Inn Muzaffargarh	42.5477098	-83.4392505
31	Muzaffargarh	Aghosh	7		15		One Star		Aghosh Muzaffargarh	0	0
32	Muzaffargarh	Green Palace	15		30		"One Star
Sealed from 1 year because of litigation"		Green Palace Muzaffargarh	40.2040893	44.5556765
33	Muzaffargarh	Indus Hotel	5		10		One Star		Indus Hotel Muzaffargarh	25.3803518	68.337555
34	Muzaffargarh	Osis Hotel	9		19		One Star		Osis Hotel Muzaffargarh	0.460831	101.4191124
35	Muzaffargarh	Silver City Hotel	9		10		One Star		Silver City Hotel Muzaffargarh	41.1133311	-95.637226
36	Muzaffargarh	Aghosh Hotel	8		16		One Star		Aghosh Hotel Muzaffargarh	0	0
37	Muzaffargarh	Europ Hotel	5		6		One Star		Europ Hotel Muzaffargarh	46.2217413	5.2055822
38	Muzaffargarh	"Government College of Technology
Muzaffargarh (Admin Block, Hostel & Labs)"		47	208	"Civic amenties, Boundary wall, Security arrangement"			"Government College of Technology
Muzaffargarh (Admin Block, Hostel & Labs) Muzaffargarh"	0	0
39	Muzaffargarh	"Emine Erdogan Danish Care School Basira (Admin Block , Dining Hall & Hostel)"		135	386	DO			"Emine Erdogan Danish Care School Basira (Admin Block , Dining Hall & Hostel) Muzaffargarh"	0	0
40	Muzaffargarh	"Govt. Boys Degree College Chowk Sarwar
Shaheed"		41	150	DO			"Govt. Boys Degree College Chowk Sarwar
Shaheed Muzaffargarh"	0	0
41	Muzaffargarh	Govt. College of Technology Kot Addu		45	170	DO			Govt. College of Technology Kot Addu Muzaffargarh	0	0
42	Muzaffargarh	Govt High School Jhan Pur		10	80	DO			Govt High School Jhan Pur Muzaffargarh	0	0
43	Muzaffargarh	Govt High School Namurdi		10	80	DO			Govt High School Namurdi Muzaffargarh	0	0
44	Muzaffargarh	Mubarak Khanum Public School		60	120	DO			Mubarak Khanum Public School Muzaffargarh	0	0
45	Muzaffargarh	Special Education Seet pur		35	70	DO			Special Education Seet pur Muzaffargarh	0	0
46	Muzaffargarh	Govt. Technical College		34	150	"Bathroom, Electricity, Power Backup, Boundry Wall"			Govt. Technical College Muzaffargarh	31.2616169	72.3593567
47	Muzaffargarh	Lab Higher Secondary Elementary College		8	50	DO			Lab Higher Secondary Elementary College Muzaffargarh	0	0
48	Muzaffargarh	Govt. Degree College Boys		17	139	DO			Govt. Degree College Boys Muzaffargarh	30.038424	70.634794
49	Muzaffargarh	Govt. Post Graduate College		20	200	DO			Govt. Post Graduate College Muzaffargarh	29.1175171	71.2708305
50	Rajanpur	"Govt. Post Graduate Boys College, main
Indus Road, Jampur."		12	65	"Water, Electricity, Wash room, Boundary Wall"			"Govt. Post Graduate Boys College, main
Indus Road, Jampur. Rajanpur"	0	0
51	Rajanpur	"Boys Degree College, Fazilpur"		14	100	"Water, Electricity, Wash room, Boundary Wall"			"Boys Degree College, Fazilpur Rajanpur"	0	0
52	Rajanpur	"Sheikh Khalifa Zayd College, Rojhan"		6	60	"Water, Electricity, Wash room, Boundary Wall"			"Sheikh Khalifa Zayd College, Rojhan Rajanpur"	0	0
53	Total		101	956	3291					46.3144754	11.0480288
54	Faisalabad	Government Collage Arkana Banglow		6	50	All Utilities Available	Ready To Use		Government Collage Arkana Banglow Faisalabad	0	0
55	Faisalabad	Govt. College Pensara		6	50	All Utilities Available	Ready To Use		Govt. College Pensara Faisalabad	0	0
56	Faisalabad	GC University Hostals New & Old		629	2100	All Utilities Available	Ready To Use		GC University Hostals New & Old Faisalabad	0	0
57	Faisalabad	PARS Center University Of Agriculture		240	612	All Utilities Available	Ready To Use		PARS Center University Of Agriculture Faisalabad	0	0
58	Faisalabad	"GC University Hostals New & Old, Fsd"		629	1258	All Utilities Available	Ready To Use		"GC University Hostals New & Old, Fsd Faisalabad"	0	0
59	Faisalabad	"PARC Center University Of Agriculture,
Fsd"		240	480	All Utilities Available	Ready To Use		"PARC Center University Of Agriculture,
Fsd Faisalabad"	0	0
60	Faisalabad	"Agriculture university, Faisalabad"		1800	3600	All Utilities Available	Ready To Use		"Agriculture university, Faisalabad Faisalabad"	31.4309592	73.0694334
61	Faisalabad	"Government College University,
Faisalabad."		400	800	All Utilities Available	Ready To Use		"Government College University,
Faisalabad. Faisalabad"	0	0
62	Faisalabad	"Government College University, Women."		80	160	All Utilities Available	Ready To Use		"Government College University, Women. Faisalabad"	0	0
63	Faisalabad	"UET, Faisalabad campus"		120	360	All Utilities Available	Ready To Use		"UET, Faisalabad campus Faisalabad"	0	0
64	Faisalabad	"NTU, Faisalabad"		410	820	All Utilities Available	Ready To Use		"NTU, Faisalabad Faisalabad"	31.4618558	73.1476056
65	Faisalabad	"NFC, Faisalabad"		105	210	All Utilities Available	Ready To Use		"NFC, Faisalabad Faisalabad"	31.4084498	73.1198383
66	Faisalabad	"Education university, samanabad"		53	106	All Utilities Available	Ready To Use		"Education university, samanabad Faisalabad"	31.3949491	73.069586
67	Faisalabad	"University of Faisalabad, garden canal
road"		35	70	All Utilities Available	Ready To Use		"University of Faisalabad, garden canal
road Faisalabad"	0	0
68	Faisalabad	"Govt. College Pensara, Fsd"		6	20	All Utilities Available	Ready To Use		"Govt. College Pensara, Fsd Faisalabad"	0	0
69	Faisalabad	RHC 374 GB Jaranwala		6	20	All Utilities Available	Ready To Use		RHC 374 GB Jaranwala Faisalabad	0	0
70	Faisalabad	"Government Collage Arkana Banglow,
Jaranwala"		6	20	All Utilities Available	Ready To Use		"Government Collage Arkana Banglow,
Jaranwala Faisalabad"	0	0
71	Faisalabad	RHC 400 GB Tandlianwala		6	20	All Utilities Available	Ready To Use		RHC 400 GB Tandlianwala Faisalabad	0	0
72	Faisalabad	"Sarena Hotel, Club Road"	141		300	All Utilities Available	Ready To Use		"Sarena Hotel, Club Road Faisalabad"	0	0
73	Faisalabad	"National Hotel, Chiban More"	30		70	All Utilities Available	Ready To Use		"National Hotel, Chiban More Faisalabad"	0	0
74	Faisalabad	"Prince Hotel,  Near Minan Trust"	20		50	All Utilities Available	Ready To Use		"Prince Hotel,  Near Minan Trust Faisalabad"	0	0
75	Faisalabad	"Al Baraq Hotel, Railway Station"	18		25	All Utilities Available	Ready To Use		"Al Baraq Hotel, Railway Station Faisalabad"	0	0
76	Faisalabad	"Prime Hotel, Kotwali Road"	47		56	All Utilities Available	Ready To Use		"Prime Hotel, Kotwali Road Faisalabad"	31.4175262	73.0729438
77	Faisalabad	"Raz Hotel , Kotwali Road"	17		30	All Utilities Available	Ready To Use		"Raz Hotel , Kotwali Road Faisalabad"	0	0
78	Faisalabad	Al-Noor Hotel	21		37	All Utilities Available	Ready To Use		Al-Noor Hotel Faisalabad	21.4217669	39.85889666
79	Faisalabad	"Shan Hotel, Aminpur Bazar"	18		36	All Utilities Available	Ready To Use		"Shan Hotel, Aminpur Bazar Faisalabad"	31.4197963	73.077714
80	Faisalabad	"New Kashmir Hotel, Clock Tower"	36		70	All Utilities Available	Ready To Use		"New Kashmir Hotel, Clock Tower Faisalabad"	31.4188149	73.0787735
81	Faisalabad	"Regent Hotel, Chiniot Bazar"	48		95	All Utilities Available	Ready To Use		"Regent Hotel, Chiniot Bazar Faisalabad"	31.4209888	73.0789706
82	Faisalabad	"Mehfal Hotel, Chiniot Bazar"	24		45	All Utilities Available	Ready To Use		"Mehfal Hotel, Chiniot Bazar Faisalabad"	0	0
83	Faisalabad	"Bismillah Hotel, Chiniot Bazar"	15		30	All Utilities Available	Ready To Use		"Bismillah Hotel, Chiniot Bazar Faisalabad"	0	0
84	Faisalabad	"Grace Hotel, Chiniot Bazar"	10		20	All Utilities Available	Ready To Use		"Grace Hotel, Chiniot Bazar Faisalabad"	31.4209888	73.0789706
85	Faisalabad	Jadah Hotel	13		25	All Utilities Available	Ready To Use		Jadah Hotel Faisalabad	36.6827155	38.2128576
86	Faisalabad	"City Hotel, Aminpur Bazar"	10		20	All Utilities Available	Ready To Use		"City Hotel, Aminpur Bazar Faisalabad"	31.4197963	73.077714
87	Faisalabad	"Prince Hotel,  Aminpur Bazar"	8		16	All Utilities Available	Ready To Use		"Prince Hotel,  Aminpur Bazar Faisalabad"	0	0
88	Faisalabad	"Taj Hotel, Jinnah Colony"	7		12	All Utilities Available	Ready To Use		"Taj Hotel, Jinnah Colony Faisalabad"	0	0
89	Faisalabad	"Punjab Hotel, Narowala Road"	13		24	All Utilities Available	Ready To Use		"Punjab Hotel, Narowala Road Faisalabad"	0	0
90	Faisalabad	Prime View Hotel	22		66	All Utilities Available	Ready To Use		Prime View Hotel Faisalabad	22.4031239	113.9795382
91	Faisalabad	"Khayyam Hotel, Akbar Chowk"	13		30	All Utilities Available	Ready To Use		"Khayyam Hotel, Akbar Chowk Faisalabad"	0	0
92	Faisalabad	"Doha Hotel, Dewoo Road"	13		26	All Utilities Available	Ready To Use		"Doha Hotel, Dewoo Road Faisalabad"	0	0
93	Faisalabad	"Crown Hotel, Railway Station"	11		20	All Utilities Available	Ready To Use		"Crown Hotel, Railway Station Faisalabad"	53.8549144	-2.181886
94	Faisalabad	"Indus Hotel, Railway Station"	8		16	All Utilities Available	Ready To Use		"Indus Hotel, Railway Station Faisalabad"	31.56861865	74.32712731
95	Faisalabad	"Chenab Hotel, Railway Station"	13		23	All Utilities Available	Ready To Use		"Chenab Hotel, Railway Station Faisalabad"	31.4174436	73.0967355
96	Faisalabad	"Bombay Motor Hotel, Railway Station"	5		10	All Utilities Available	Ready To Use		"Bombay Motor Hotel, Railway Station Faisalabad"	0	0
97	Faisalabad	"Rizaq Hotel, Railway Station"	10		20	All Utilities Available	Ready To Use		"Rizaq Hotel, Railway Station Faisalabad"	0	0
98	Faisalabad	"Lajin Hotel, Jaranwala Road"	21		40	All Utilities Available	Ready To Use		"Lajin Hotel, Jaranwala Road Faisalabad"	0	0
99	Faisalabad	"Hotel One, D.Ground"	23		43	All Utilities Available	Ready To Use		"Hotel One, D.Ground Faisalabad"	21.78337885	-72.25200151
100	Faisalabad	"The One Hotel, Harrianwala Chowk"	14		28	All Utilities Available	Ready To Use		"The One Hotel, Harrianwala Chowk Faisalabad"	0	0
101	Faisalabad	"Sandal Bar Hotel, Saleemi Chowk"	11		21	All Utilities Available	Ready To Use		"Sandal Bar Hotel, Saleemi Chowk Faisalabad"	0	0
102	Faisalabad	"Gateway Hotel, Gatenwala Chowk"	8		18	All Utilities Available	Ready To Use		"Gateway Hotel, Gatenwala Chowk Faisalabad"	0	0
103	Faisalabad	"Executive Hotel, Susan Road"	12		23	All Utilities Available	Ready To Use		"Executive Hotel, Susan Road Faisalabad"	0	0
104	Faisalabad	"Elite Hotel, Saleemi Chowk"	6		12	All Utilities Available	Ready To Use		"Elite Hotel, Saleemi Chowk Faisalabad"	0	0
105	Faisalabad	"Cornal In Hotel, D.Ground"	16		31	All Utilities Available	Ready To Use		"Cornal In Hotel, D.Ground Faisalabad"	0	0
106	Faisalabad	"Grand Regent Hotel, Chen One Road"	49		110	All Utilities Available	Ready To Use		"Grand Regent Hotel, Chen One Road Faisalabad"	0	0
107	Faisalabad	"Namwa Hotel, College Road"	10		10	All Utilities Available	Ready To Use		"Namwa Hotel, College Road Faisalabad"	0	0
108	Faisalabad	"Hotel City, Kohi-e-Noor Palaza"	100		100	All Utilities Available	Ready To Use		"Hotel City, Kohi-e-Noor Palaza Faisalabad"	0	0
109	Faisalabad	Garwah Hotel Canal Road	31		31	All Utilities Available	Ready To Use		Garwah Hotel Canal Road Faisalabad	0	0
110	Faisalabad	"Fine Star Hotel, Bank More"	8		8	All Utilities Available	Ready To Use		"Fine Star Hotel, Bank More Faisalabad"	0	0
111	Faisalabad	"Grand Hotel, Hockey Stadium"	18		18	All Utilities Available	Ready To Use		"Grand Hotel, Hockey Stadium Faisalabad"	32.9892522	70.6079125
112	Faisalabad	"Raj One Hotel, Susan Road"	25		25	All Utilities Available	Ready To Use		"Raj One Hotel, Susan Road Faisalabad"	31.4202001	73.1165849
113	Faisalabad	"Avari Hotel, Kohi-e-Noor"	25		25	All Utilities Available	Ready To Use		"Avari Hotel, Kohi-e-Noor Faisalabad"	0	0
114	Faisalabad	"Silk Hotel, Hockey Stadium"	14		14	All Utilities Available	Ready To Use		"Silk Hotel, Hockey Stadium Faisalabad"	0	0
115	Faisalabad	"Dewan Hotel, Sheikhupura Road"	4		8	All Utilities Available	Ready To Use		"Dewan Hotel, Sheikhupura Road Faisalabad"	0	0
116	Faisalabad	"Rilton Hotel, Canal Road"	60		150	All Utilities Available	Ready To Use		"Rilton Hotel, Canal Road Faisalabad"	0	0
117	Chiniot	"Govt. Boys High School, Chak No. 14/JB,
Chiniot"		23	69	All Failities Availabad	Ready To Use		"Govt. Boys High School, Chak No. 14/JB,
Chiniot Chiniot"	0	0
118	Chiniot	Govt. Girls Degree College		30	90	"Electricity, Clean Water,  Bathrooms, Kitchen"	Ready To Use		Govt. Girls Degree College Chiniot	25.4046763	68.345428
119	Chiniot	Govt. Islamia College		10	30	"Electricity, Clean Water,  Bathrooms, Kitchen"	Ready To Use		Govt. Islamia College Chiniot	24.4508976	90.5560166
120	Chiniot	"Chenab College, Chiniot"		52	156	"Electricity, Clean Water,  Bathrooms, Kitchen"	Ready To Use		"Chenab College, Chiniot Chiniot"	31.8227416	73.1107531
121	Chiniot	Govt. Elementary College		20	60	"Electricity, Clean Water,  Bathrooms, Kitchen"	Ready To Use		Govt. Elementary College Chiniot	8.4907934	76.9313045
122	Chiniot	Fast National University		100	300	"Electricity, Clean Water,  Bathrooms, Kitchen"	Ready To Use		Fast National University Chiniot	0	0
123	Chiniot	KIMS College		14	42	"Electricity, Clean Water,  Bathrooms, Kitchen"	Ready To Use		KIMS College Chiniot	46.7978131	13.3665012
124	Chiniot	"Govt. K.A. Islamia Degree College
Jamiaabad, Bhowana"		30	90	All Failities Availabad	Ready To Use		"Govt. K.A. Islamia Degree College
Jamiaabad, Bhowana Chiniot"	0	0
125	Chiniot	Govt. Boys Degree College Lalian		4	12	All Failities Availabad	Ready To Use		Govt. Boys Degree College Lalian Chiniot	0	0
126	Jhang	"Govt. Girls Degree College, Khewa, Jhang"		20	100	All Utilities Available	Ready To Use		"Govt. Girls Degree College, Khewa, Jhang Jhang"	0	0
127	Jhang	"Govt. Boys Degree College Hostel, 18-
Hazari"		12	50	All Utilities Available	Ready To Use		"Govt. Boys Degree College Hostel, 18-
Hazari Jhang"	0	0
128	Jhang	"Sp. Education School, A.P.Sial"		38	50	All Utilities Available	Ready To Use		"Sp. Education School, A.P.Sial Jhang"	0	0
129	Jhang	"Govt. Elementary School, Meerlain wala,
Shorkot."		10	80	All Utilities Available	Ready To Use		"Govt. Elementary School, Meerlain wala,
Shorkot. Jhang"	0	0
130	Jhang	Ali Ahmad Hospital Toba Road Jhang		23	69	All Utilities Available	Ready To Use		Ali Ahmad Hospital Toba Road Jhang Jhang	0	0
131	Jhang	Chenab College Jhang		225	675	All Utilities Available	Ready To Use		Chenab College Jhang Jhang	31.3403864	72.3743507
132	Jhang	Muhammad Hospital Toba Road Jhang		35	105	All Utilities Available	Ready To Use		Muhammad Hospital Toba Road Jhang Jhang	0	0
133	Jhang	Shifa Hospoitl Civilines Jhang		22	66	All Utilities Available	Ready To Use		Shifa Hospoitl Civilines Jhang Jhang	0	0
134	Jhang	College of Veterinary Hospital Jhang		54	162	All Utilities Available	Ready To Use		College of Veterinary Hospital Jhang Jhang	0	0
135	Jhang	Govt. boys High School Shorkot		33	99	All Utilities Available	Ready To Use		Govt. boys High School Shorkot Jhang	0	0
136	Jhang	Govt Girls High School shorkot		12	24	All Utilities Available	Ready To Use		Govt Girls High School shorkot Jhang	0	0
137	Jhang	Govt degree college shorkot		40	120	All Utilities Available	Ready To Use		Govt degree college shorkot Jhang	0	0
138	Jhang	Govt High School Abbass pura  Shorkot		15	45	All Utilities Available	Ready To Use		Govt High School Abbass pura  Shorkot Jhang	0	0
139	Jhang	Halima Surgical hospital shorkot		17	51	All Utilities Available	Ready To Use		Halima Surgical hospital shorkot Jhang	0	0
140	Jhang	Hayat Medical Complex		13	39	All Utilities Available	Ready To Use		Hayat Medical Complex Jhang	0	0
141	Jhang	Yaseen Medical complex		7	21	All Utilities Available	Ready To Use		Yaseen Medical complex Jhang	0	0
142	Jhang	Fatima memorial medical complex		6	18	All Utilities Available	Ready To Use		Fatima memorial medical complex Jhang	0	0
143	Jhang	Ali general Hospital Pattan Road		5	15	All Utilities Available	Ready To Use		Ali general Hospital Pattan Road Jhang	0	0
144	Jhang	Chenab College Shorkot		50	150	All Utilities Available	Ready To Use		Chenab College Shorkot Jhang	0	0
145	Jhang	Special Education college		25	75	All Utilities Available	Ready To Use		Special Education college Jhang	33.01488485	-94.71946431
146	Jhang	Chenab College AP Sila		15	45	All Utilities Available	Ready To Use		Chenab College AP Sila Jhang	0	0
147	Jhang	Govt. Degree College Girls		18	54	All Utilities Available	Ready To Use		Govt. Degree College Girls Jhang	0	0
148	Jhang	Govt. Special Education Institute		20	60	All Utilities Available	Ready To Use		Govt. Special Education Institute Jhang	0	0
149	Jhang	Boys Degree College AP Sial		15	45	All Utilities Available	Ready To Use		Boys Degree College AP Sial Jhang	0	0
150	Jhang	"Govt Degree College Boys  wasu astana
(Hostel"		12	36	All Utilities Available	Ready To Use		"Govt Degree College Boys  wasu astana
(Hostel Jhang"	0	0
151	Jhang	Govt Degree college for boys		12	36	All Utilities Available	Ready To Use		Govt Degree college for boys Jhang	0	0
152	T. T. Singh	"Govt. Degree College (Boys) Jhang Road,
Tehsil Toba Tek Singh"		9	18	All Utilities Available	Ready To Use		"Govt. Degree College (Boys) Jhang Road,
Tehsil Toba Tek Singh T. T. Singh"	0	0
153	T. T. Singh	Govt. Degree College (Boys) Jhang Road		9	18	All Utilities Available	Ready To Use		Govt. Degree College (Boys) Jhang Road T. T. Singh	0	0
154	T. T. Singh	Govt. College For Women		72	216	All Utilities Available	Ready To Use		Govt. College For Women T. T. Singh	24.8997977	67.20017
155	T. T. Singh	Barret College Jhang Road		24	72	All Utilities Available	Ready To Use		Barret College Jhang Road T. T. Singh	0	0
156	T. T. Singh	National College for Women		25	75	All Utilities Available	Ready To Use		National College for Women T. T. Singh	17.0256832	73.2933546
157	T. T. Singh	Commerce College Rajana Road		12	36	All Utilities Available	Ready To Use		Commerce College Rajana Road T. T. Singh	34.6311582	72.06905916
158	T. T. Singh	TEVTA Tech Inst Rajana Road		13	39	All Utilities Available	Ready To Use		TEVTA Tech Inst Rajana Road T. T. Singh	0	0
159	T. T. Singh	Punjab College Rajana Road		24	72	All Utilities Available	Ready To Use		Punjab College Rajana Road T. T. Singh	0	0
160	T. T. Singh	Superior College Rajana Road		43	129	All Utilities Available	Ready To Use		Superior College Rajana Road T. T. Singh	43.4417277	1.9102521
161	T. T. Singh	"Govt. Commerce College Toba Road,
Gojra"		6	12	All Utilities Available	Ready To Use		"Govt. Commerce College Toba Road,
Gojra T. T. Singh"	0	0
162	T. T. Singh	"Al-Barkat School & Hostel Gojra Pensara
Road Gojra"		29	87	All Utilities Available	Ready To Use		"Al-Barkat School & Hostel Gojra Pensara
Road Gojra T. T. Singh"	0	0
163	T. T. Singh	"Canal Road  House Dhama Banglow
Gojra"		4	8	All Utilities Available	Ready To Use		"Canal Road  House Dhama Banglow
Gojra T. T. Singh"	0	0
164	T. T. Singh	SCARP Rest House Dhama Banglow Gojra		4	8	All Utilities Available	Ready To Use		SCARP Rest House Dhama Banglow Gojra T. T. Singh	0	0
165	T. T. Singh	Special Education School Near Bye Pass Raelway  Phatak Dijkot Road Gojra		14	28	All Utilities Available	Ready To Use		Special Education School Near Bye Pass Raelway  Phatak Dijkot Road Gojra T. T. Singh	0	0
166	T. T. Singh	Govt. Commerce College Toba Road		6	12	All Utilities Available	Ready To Use		Govt. Commerce College Toba Road T. T. Singh	0	0
167	T. T. Singh	"Boys Hostel Jamia Charagia Near Under
Pass Gojra"		30	60	All Utilities Available	Ready To Use		"Boys Hostel Jamia Charagia Near Under
Pass Gojra T. T. Singh"	0	0
168	T. T. Singh	"Super Masali School Toba Road Near bus
Stop Chak No.s 301-373/JB"		24	72	All Utilities Available	Ready To Use		"Super Masali School Toba Road Near bus
Stop Chak No.s 301-373/JB T. T. Singh"	0	0
169	T. T. Singh	Divisional Public School Tehsil Kamalia		25	50	All Utilities Available	Ready To Use		Divisional Public School Tehsil Kamalia T. T. Singh	0	0
170	T. T. Singh	Divisional Public School Kamalia		25	50	All Utilities Available	Ready To Use		Divisional Public School Kamalia T. T. Singh	0	0
171	T. T. Singh	GHS No. 1		45	135	All Utilities Available	Ready To Use		GHS No. 1 T. T. Singh	0	0
172	T. T. Singh	GHS No. 2		23	69	All Utilities Available	Ready To Use		GHS No. 2 T. T. Singh	12.8682063	74.8403464
173	T. T. Singh	GHS Nomania		20	60	All Utilities Available	Ready To Use		GHS Nomania T. T. Singh	0	0
174	T. T. Singh	PST College		85	255	All Utilities Available	Ready To Use		PST College T. T. Singh	37.7347555	44.8313994
175	T. T. Singh	GGWE College		40	120	All Utilities Available	Ready To Use		GGWE College T. T. Singh	0	0
176	T. T. Singh	GD College Railway Road		35	105	All Utilities Available	Ready To Use		GD College Railway Road T. T. Singh	0	0
177	T. T. Singh	Technical College 711 GB		42	126	All Utilities Available	Ready To Use		Technical College 711 GB T. T. Singh	0	0
178	T. T. Singh	Commerce College 711 GB		28	84	All Utilities Available	Ready To Use		Commerce College 711 GB T. T. Singh	0	0
179	T. T. Singh	Poly Technical M Shah Road		22	66	All Utilities Available	Ready To Use		Poly Technical M Shah Road T. T. Singh	0	0
180	T. T. Singh	GHS Islamia		8	24	All Utilities Available	Ready To Use		GHS Islamia T. T. Singh	0	0
181	T. T. Singh	GHS 715		10	30	All Utilities Available	Ready To Use		GHS 715 T. T. Singh	12.8682063	74.8403464
182	T. T. Singh	GMS 714		6	18	All Utilities Available	Ready To Use		GMS 714 T. T. Singh	36.4606301	4.5384798
183	T. T. Singh	GHS 739		10	30	All Utilities Available	Ready To Use		GHS 739 T. T. Singh	12.8682063	74.8403464
184	T. T. Singh	GHS 736		10	30	All Utilities Available	Ready To Use		GHS 736 T. T. Singh	12.8682063	74.8403464
185	T. T. Singh	GGHS 737		9	27	All Utilities Available	Ready To Use		GGHS 737 T. T. Singh	0	0
186	T. T. Singh	GHS Mohail		12	36	All Utilities Available	Ready To Use		GHS Mohail T. T. Singh	0	0
187	T. T. Singh	GHS Sheikh Burhan		10	30	All Utilities Available	Ready To Use		GHS Sheikh Burhan T. T. Singh	0	0
188	T. T. Singh	GHS Qadar Baksh		10	30	All Utilities Available	Ready To Use		GHS Qadar Baksh T. T. Singh	0	0
189	T. T. Singh	Model GHS		40	120	All Utilities Available	Ready To Use		Model GHS T. T. Singh	0	0
190	T. T. Singh	GGHS Lab		35	105	All Utilities Available	Ready To Use		GGHS Lab T. T. Singh	0	0
191	T. T. Singh	GGHS Kachi Basti		20	60	All Utilities Available	Ready To Use		GGHS Kachi Basti T. T. Singh	0	0
192	T. T. Singh	DPS		15	45	All Utilities Available	Ready To Use		DPS T. T. Singh	35.000074	104.999927
193	T. T. Singh	GESB 705		6	18	All Utilities Available	Ready To Use		GESB 705 T. T. Singh	0	0
194	T. T. Singh	GESG 705		6	18	All Utilities Available	Ready To Use		GESG 705 T. T. Singh	0	0
195	T. T. Singh	GESG 712		8	24	All Utilities Available	Ready To Use		GESG 712 T. T. Singh	0	0
196	T. T. Singh	"Govt. Ghousia Fareed Baksh Degree Science College 333/GB, Tehsil Pirmahal"		24	48	All Utilities Available	Ready To Use		"Govt. Ghousia Fareed Baksh Degree Science College 333/GB, Tehsil Pirmahal T. T. Singh"	0	0
197	T. T. Singh	"Govt. Degree College (W) 721/GB, Tehsil
Pirmahal"		34	68	All Utilities Available	Ready To Use		"Govt. Degree College (W) 721/GB, Tehsil
Pirmahal T. T. Singh"	0	0
198	T. T. Singh	"Govt. Ghousia Fareed Baksh Degree
Science College 333/GB"		24	48	All Utilities Available	Ready To Use		"Govt. Ghousia Fareed Baksh Degree
Science College 333/GB T. T. Singh"	0	0
199	T. T. Singh	Govt. Degree College (Women) 721 GB		34	68	All Utilities Available	Ready To Use		Govt. Degree College (Women) 721 GB T. T. Singh	0	0
200	T. T. Singh	Govt. High School No. 1 Pirmahal		38	76	All Utilities Available	Ready To Use		Govt. High School No. 1 Pirmahal T. T. Singh	0	0
201	T. T. Singh	Union Council No. 72 Plot C		3	6	All Utilities Available	Ready To Use		Union Council No. 72 Plot C T. T. Singh	0	0
202	T. T. Singh	Union Council No. 71 Chak No. 319 GB		3	6	All Utilities Available	Ready To Use		Union Council No. 71 Chak No. 319 GB T. T. Singh	0	0
203	Total		1046	6927	18829					46.3144754	11.0480288
204	Gujranwala	"Muslim Hands School/College, Sialkot Road Sohdra, Wazirabad"		82	500	All Utilities Available	Capacity 1 person / 1 room facility Plan A : 182 capacity Plan B : 453 persons which can be extended to 500		"Muslim Hands School/College, Sialkot Road Sohdra, Wazirabad Gujranwala"	0	0
205	Gujranwala	60 Hotels	1000		1000				60 Hotels Gujranwala	31.3953863	-103.5013639
206	Gujrat	"New Admin Block NSMC University of
Gujrat"		332	1000	All Utilities Available			"New Admin Block NSMC University of
Gujrat Gujrat"	0	0
207	Gujrat	18 Hotels	231		231				18 Hotels Gujrat	31.3953863	-103.5013639
208	Hafizabad	Police Petroling Sheikhupura Road Hafizabads		8	40	"Food Services, Laundary, Dispensary, Elecricity with backup & boundary wall inplace"	facility is 10 km from Main Town &  Facility ready for accomodation		Police Petroling Sheikhupura Road Hafizabads Hafizabad	0	0
209	Hafizabad	"Government degree College (Women)
Sharqi Side Hafizabad"		28	87	All Utilities Available			"Government degree College (Women)
Sharqi Side Hafizabad Hafizabad"	0	0
210	Hafizabad	Degree College for Boys Pindi Bhattian		33	87		"The Centers are located about 2
Km away from the city Pindi Bhattian, well secured and easily accessible."		Degree College for Boys Pindi Bhattian Hafizabad	0	0
211	Hafizabad	Degree College for Girls Pindi Bhattian		33	87		DO		Degree College for Girls Pindi Bhattian Hafizabad	0	0
212	MB Din	13 Hotels	65		65				13 Hotels MB Din	31.3953863	-103.5013639
213	MB Din	Girls College Kadhar M.B.Din		25	250	"Food Services, Medical,  Elecricity with backup,
Security, sewage, Ambulance"			Girls College Kadhar M.B.Din MB Din	0	0
214	MB Din	Official Residences and Flats – New DHQ Hospital MB Din		350	500	"Clean drinking water, closed & secure premises, Electricity, Wash Rooms,"	"Issues: Matter is being taken up
with GEPCO authorities for immediate electricity connection Status: Electricity required.
Otherwise ready"		Official Residences and Flats – New DHQ Hospital MB Din MB Din	0	0
215	MB Din	BHU Marala &Residences		50	50		DO		BHU Marala &Residences MB Din	0	0
216	Narowal	Univerity of Narowal		153	356	Yes	7 Hall		Univerity of Narowal Narowal	0	0
217	Narowal	Kartarpur Coridor		1	2	Yes	Ready		Kartarpur Coridor Narowal	0	0
218	Narowal	"Diagnostic Center NarowalUnder GINUM (Isolation), DHQ Hospital Narowal"		10	10	Yes	Ready		"Diagnostic Center NarowalUnder GINUM (Isolation), DHQ Hospital Narowal Narowal"	0	0
219	Narowal	UET Narowal		188	330	Yes			UET Narowal Narowal	32.1009752	74.872238
220	Narowal	2 Hotels	19		19				2 Hotels Narowal	28.4460939	99.3598524
221	Sialkot	9 Hotels	258		258				9 Hotels Sialkot	33.7912577	-117.9156521
222	Sialkot	Qasim Boys Hostel  Khawaja Safdar Medical College Sialkot		28	56	"Electorcity, Water Supply, Wash Room
Adequate Drinking Water, Trained, Health Staff, IEC Material, Secuirty
Basic Medical Equipment, Backup Light"	Under Process		Qasim Boys Hostel  Khawaja Safdar Medical College Sialkot Sialkot	0	0
223	Sialkot	"Khalid Boys Hostel Khawaja Safdar
Medical College Sialkot"		28	56	DO	Under Process		"Khalid Boys Hostel Khawaja Safdar
Medical College Sialkot Sialkot"	0	0
224	Sialkot	"Allama Iqbal Women College Khadim Ali
Raod Sialkot"		55	110	DO	Under Process		"Allama Iqbal Women College Khadim Ali
Raod Sialkot Sialkot"	0	0
225	Sialkot	"Girls Hostel Govt. Women Univeristy
Sialkot"		70	210	DO	Under Process		"Girls Hostel Govt. Women Univeristy
Sialkot Sialkot"	0	0
226	Sialkot	Government Girls Degree College Orah		10	150	DO	Under Process		Government Girls Degree College Orah Sialkot	0	0
227	Sialkot	"Government Girls Degree College
Mundekey Goraya"		10	150	DO	Under Process		"Government Girls Degree College
Mundekey Goraya Sialkot"	0	0
228	Sialkot	7 Colleges outside urban				One Bus Capacity i.e. 48 Persons quarantine in each of 7 colleges can be readied in 36 hours.			7 Colleges outside urban Sialkot	0	0
229	Sialkot	Shelter Home THQ Daska Sialkot		2	80	DO	Under Process		Shelter Home THQ Daska Sialkot Sialkot	0	0
230	Total		1573	1496	5684					46.3144754	11.0480288
231	Lahore	"UET Campus, Kala Shah Kaku"		147	418	Essentially required facilities available			"UET Campus, Kala Shah Kaku Lahore"	0	0
232	Lahore	"UET Campus, Kala Shah Kaku"		90	270	DO			"UET Campus, Kala Shah Kaku Lahore"	0	0
233	Lahore	Boys hostel GCU Campus Kala Shah Kaku		120	240	"Water, 02 Electric water coolers + 01 Water
Filteration Unit,Electricity, 01 Standby Generator"	Common Wash Rooms Blocks		Boys hostel GCU Campus Kala Shah Kaku Lahore	0	0
234	Lahore	"Boys Hostel, UET Campus Kala Shah Kaku"		87	219	"Water, Electricity"	"Most rooms have attached
washrooms, Some rooms share washrooms. Both Campuses identified for persons to be quarantined in Distt Lahore"		"Boys Hostel, UET Campus Kala Shah Kaku Lahore"	0	0
235	Lahore	"Punjab Judicial Academy, Kala Shah Kaku"		120	250	DO			"Punjab Judicial Academy, Kala Shah Kaku Lahore"	0	0
236	Lahore	"GCU Campus, Kala Shah Kaku"		90	270	DO			"GCU Campus, Kala Shah Kaku Lahore"	0	0
237	Lahore	"PARK LANE HOTEL, 107-B-3 M.M.ALAM
ROAD GULBERG III LHR"	100		100				"PARK LANE HOTEL, 107-B-3 M.M.ALAM
ROAD GULBERG III LHR Lahore"	0	0
238	Lahore	"INDIGO HEIGHTS HOTELS SUITS, 3-C3
NOOR JHAN ROAD GULBERG III LHR"	80		80				"INDIGO HEIGHTS HOTELS SUITS, 3-C3
NOOR JHAN ROAD GULBERG III LHR Lahore"	0	0
239	Lahore	"SUNFORT HOTEL, 72-D/1 LIBERTY
COMMERICAIL ZONE GULBERG III LHR"	70		70				"SUNFORT HOTEL, 72-D/1 LIBERTY
COMMERICAIL ZONE GULBERG III LHR Lahore"	0	0
240	Lahore	"SMART HOTEL, 36 LIBERTY MARKET
GULBERG III LHR"	70		70				"SMART HOTEL, 36 LIBERTY MARKET
GULBERG III LHR Lahore"	0	0
241	Lahore	"FALETTI’S GRAND HOTEL, 32/C-3
GULBERG III LHR"	80		80				"FALETTI’S GRAND HOTEL, 32/C-3
GULBERG III LHR Lahore"	0	0
242	Lahore	"THE RESIDENCY HOTEL, 39/A GULBERG V OFF ZAFAR ALI ROAD GULBERG LHR"	70		70				"THE RESIDENCY HOTEL, 39/A GULBERG V OFF ZAFAR ALI ROAD GULBERG LHR Lahore"	0	0
243	Lahore	"AVARI EXPRESS HOTEL, MAIN
BOULEVARD GULBERG LHR"	100		100				"AVARI EXPRESS HOTEL, MAIN
BOULEVARD GULBERG LHR Lahore"	0	0
244	Lahore	"GRAND PLAM HOTEL, FEROZPUR ROAD
OPP. GADDAFI STADIUM LHR"	70		70				"GRAND PLAM HOTEL, FEROZPUR ROAD
OPP. GADDAFI STADIUM LHR Lahore"	0	0
245	Lahore	"THE NISHAT HOTEL, 9/A MEHMOOD ALI
KASURI ROAD GULBERG III LHR"	80		80				"THE NISHAT HOTEL, 9/A MEHMOOD ALI
KASURI ROAD GULBERG III LHR Lahore"	0	0
246	Lahore	"THE SAVOEY HOTEL, 273-A/3 GULBERG
ROAD GULBERG III LHR"	80		80				"THE SAVOEY HOTEL, 273-A/3 GULBERG
ROAD GULBERG III LHR Lahore"	0	0
247	Lahore	"MALSONETTE HOTEL & RESORT, 51-CI
GHALIB ROAD GULBERG III LHR"	50		50				"MALSONETTE HOTEL & RESORT, 51-CI
GHALIB ROAD GULBERG III LHR Lahore"	0	0
248	Lahore	"SHALIMAR TOWER, JAIL ROAD"	80		80				"SHALIMAR TOWER, JAIL ROAD Lahore"	31.5341905	74.3434579
249	Lahore	"NATIONAL HOTEL, ABBOT ROAD"	100		100				"NATIONAL HOTEL, ABBOT ROAD Lahore"	40.7944843	-73.7776142
250	Lahore	"METROPOL HOTEL, ABBOT ROAD"	100		100				"METROPOL HOTEL, ABBOT ROAD Lahore"	0	0
251	Lahore	"LUXCES GRAND HOTEL, EGRATON ROAD"	100		100				"LUXCES GRAND HOTEL, EGRATON ROAD Lahore"	0	0
252	Lahore	"CROWN PLAM, DHARAMPURA"	80		80				"CROWN PLAM, DHARAMPURA Lahore"	0	0
253	Lahore	"AMMBESDIR HOTEL, DAVIS ROAD"	70		70				"AMMBESDIR HOTEL, DAVIS ROAD Lahore"	0	0
254	Lahore	"AL-MAYDAHOTEL, PEPSI FACTORY"	200		200				"AL-MAYDAHOTEL, PEPSI FACTORY Lahore"	0	0
255	Lahore	"ROYAL SWIFT, AIRPORT ROAD"	300		300				"ROYAL SWIFT, AIRPORT ROAD Lahore"	50.2809743	-107.7008095
256	Kasur	Lakasa hotel Multan Road	9		9				Lakasa hotel Multan Road Kasur	0	0
257	Kasur	Green Motel Multan Road	10		10				Green Motel Multan Road Kasur	31.5256141	74.2836492
258	Kasur	UVAS Pattoki		36	36	Yes / All utility facilities availabled	Functional		UVAS Pattoki Kasur	0	0
259	Kasur	Govt. Commerce College Pattoki		19	19	Yes / All utility facilities availabled	Functional		Govt. Commerce College Pattoki Kasur	0	0
260	Kasur	Fisheries Rest House Sindhu	3		3				Fisheries Rest House Sindhu Kasur	0	0
261	Kasur	Irrigation Rest House Balloki	4		4				Irrigation Rest House Balloki Kasur	0	0
262	Kasur	"Red Crescent Medical & Dental College
Dina Nath"		134	134				"Red Crescent Medical & Dental College
Dina Nath Kasur"	0	0
263	Kasur	"Ahsan Raheem Memorial Hospital Head
Balloki."		10	10				"Ahsan Raheem Memorial Hospital Head
Balloki. Kasur"	0	0
264	Kasur	"Govt. Degree College for Boys, KRK"		11	11				"Govt. Degree College for Boys, KRK Kasur"	0	0
265	Kasur	Al-Shifa Hospital (Private)		13	20				Al-Shifa Hospital (Private) Kasur	10.03057	76.3046046
266	Kasur	"Special Education Center, Chunian"		33	140				"Special Education Center, Chunian Kasur"	0	0
267	Kasur	"Govt. Boys Degree College College,
Chunian"		19	130				"Govt. Boys Degree College College,
Chunian Kasur"	0	0
268	Kasur	"DPS School, Kasur"		160	480				"DPS School, Kasur Kasur"	0	0
269	Kasur	Govt. Islamia Degree Collage		54	116				Govt. Islamia Degree Collage Kasur	0	0
270	Kasur	"PIASS College, Kasur"		18	48				"PIASS College, Kasur Kasur"	45.1395944	7.9876022
271	Kasur	"KIPS, College, Kasur"		21	46				"KIPS, College, Kasur Kasur"	52.2957561	5.262050092
272	Kasur	"Punjab College, Kasur"		45	100				"Punjab College, Kasur Kasur"	31.1175143	74.4478314
273	Kasur	"Shehbaz Sharif Sports Complex, Kasur"		10	24				"Shehbaz Sharif Sports Complex, Kasur Kasur"	0	0
274	Kasur	"Nawaz Memorial Higher Secondary
School, Roshan Bheela"		31	64				"Nawaz Memorial Higher Secondary
School, Roshan Bheela Kasur"	0	0
275	Kasur	"Girls Degree College, Khudian"		64	74				"Girls Degree College, Khudian Kasur"	0	0
276	Kasur	Veterinary University Pattoki		20	20				Veterinary University Pattoki Kasur	0	0
277	Kasur	"Rest House Changa Manga, Chunian"	5		5				"Rest House Changa Manga, Chunian Kasur"	0	0
278	Kasur	"Rest House Ganda Singh Wala, Kasur"	4		4				"Rest House Ganda Singh Wala, Kasur Kasur"	0	0
279	Kasur	"Brothers Sugar Mill Pvt LTD Canal,
Chunian"		2	10				"Brothers Sugar Mill Pvt LTD Canal,
Chunian Kasur"	0	0
280	Kasur	"Abandoned Green View Motel, Pattoki"	3		4				"Abandoned Green View Motel, Pattoki Kasur"	0	0
281	Kasur	"Head Balloki, Pattoki"		6	6				"Head Balloki, Pattoki Kasur"	0	0
282	Kasur	"Mouza Sindhu, Pattoki"		4	4				"Mouza Sindhu, Pattoki Kasur"	0	0
283	Kasur	"Labour Colony Ahad Rice Mill Raiwind
Road KRK"		24	24				"Labour Colony Ahad Rice Mill Raiwind
Road KRK Kasur"	0	0
284	Kasur	"PIASS College , Kasur"		24	48				"PIASS College , Kasur Kasur"	45.1395944	7.9876022
285	Kasur	"Nawaz Memorial Higher Secondary
School, RoshanBheela"		32	64				"Nawaz Memorial Higher Secondary
School, RoshanBheela Kasur"	0	0
286	Nankana Sahib	TDCP Motel Nankana Sahib		17	55	"Electricity, Backup Power, Sewerage System, Drinking
Water, Gas Cylinder"			TDCP Motel Nankana Sahib Nankana Sahib	0	0
287	Nankana Sahib	"Govt. Guru Nanak Degree College for
Women Nankana Sahib"		14	50	DO			"Govt. Guru Nanak Degree College for
Women Nankana Sahib Nankana Sahib"	0	0
288	Nankana Sahib	"Danish School Centre of Excellence
Nankana Sahib"		27	70	DO			"Danish School Centre of Excellence
Nankana Sahib Nankana Sahib"	0	0
289	Nankana Sahib	Govt. Degree College for Women Bucheki		18	50	DO			Govt. Degree College for Women Bucheki Nankana Sahib	0	0
290	Nankana Sahib	"Govt Degree College for Women Mandi
Faizabad"		18	50	DO			"Govt Degree College for Women Mandi
Faizabad Nankana Sahib"	0	0
291	Nankana Sahib	Ajwa Marriage Hall Mandi Faizabad	1		70	DO	Hall		Ajwa Marriage Hall Mandi Faizabad Nankana Sahib	0	0
292	Nankana Sahib	"Govt. Higher Secondary School for Boys
Bara Ghar"		25	80	DO			"Govt. Higher Secondary School for Boys
Bara Ghar Nankana Sahib"	0	0
293	Nankana Sahib	"Govt. Higher Secondary School for Boys
More khunda"		45	150	DO			"Govt. Higher Secondary School for Boys
More khunda Nankana Sahib"	0	0
294	Nankana Sahib	Rural Health Centre Warburton		4	20	DO			Rural Health Centre Warburton Nankana Sahib	0	0
295	Nankana Sahib	"Govt. Girls Higher Secondary School for
Women Syedwala"		12	50	DO			"Govt. Girls Higher Secondary School for
Women Syedwala Nankana Sahib"	0	0
296	Nankana Sahib	Shehnaee Marriage Hall Syedwala	1		70	DO	Hall		Shehnaee Marriage Hall Syedwala Nankana Sahib	0	0
297	Nankana Sahib	Sports Complex Hostel		9	50	DO			Sports Complex Hostel Nankana Sahib	12.9867812	80.23292931
298	Nankana Sahib	Tehsil Rest House		8	32	DO			Tehsil Rest House Nankana Sahib	24.463448	74.882995
299	Nankana Sahib	Rural Health Centre Muhammad Pura		8	50	DO			Rural Health Centre Muhammad Pura Nankana Sahib	31.622	73.6264997
300	Nankana Sahib	"Govt. Islamia Degree College for Boys
Sangla Hill"		13	50	DO			"Govt. Islamia Degree College for Boys
Sangla Hill Nankana Sahib"	31.7160127	73.3634622
301	Nankana Sahib	"Govt. Elementary School for Boys Sangla
Hill"		8	24	DO			"Govt. Elementary School for Boys Sangla
Hill Nankana Sahib"	31.7647829	73.4248086
302	Nankana Sahib	Grand Height Hotel Railway Road City	5		5				Grand Height Hotel Railway Road City Nankana Sahib	31.4486642	73.7005558
303	Nankana Sahib	"Khawaja Hotel, Lori Adda Nankana Sahib"	12		12				"Khawaja Hotel, Lori Adda Nankana Sahib Nankana Sahib"	31.4510723	73.7072087
304	Nankana Sahib	Banda Restaurant	2		2				Banda Restaurant Nankana Sahib	41.3845148	2.1458994
305	Nankana Sahib	Al-Fateh Restaurant	14		14				Al-Fateh Restaurant Nankana Sahib	24.811263	46.8597697
306	Nankana Sahib	"Govt. Guru Nanak Degree College for
Women NNS"		14	50				"Govt. Guru Nanak Degree College for
Women NNS Nankana Sahib"	31.45011	73.7043189
307	Nankana Sahib	Gurdawara Tambu Sahib	160	640					Gurdawara Tambu Sahib Nankana Sahib	31.448305	73.6990223
308	Nankana Sahib	Vocational Training Institute Panwan		10	50				Vocational Training Institute Panwan Nankana Sahib	31.5907755	73.5921144
309	Nankana Sahib	"Govt. Girls High School Kot Nizamdin
Chak No.184/RB"		8	50				"Govt. Girls High School Kot Nizamdin
Chak No.184/RB Nankana Sahib"	31.524565	73.4941403
310	Nankana Sahib	Office City Model Town		8	32				Office City Model Town Nankana Sahib	31.4239138	73.6562112
311	Nankana Sahib	"Gurdwara Janam Asthan, Nankana Sahib"	400		1200				"Gurdwara Janam Asthan, Nankana Sahib Nankana Sahib"	31.4456139	73.6958984
312	Nankana Sahib	"Mughal Marriage Hall, Near Mangtanwala
Road Chowk Bai Paas"	4		25				"Mughal Marriage Hall, Near Mangtanwala
Road Chowk Bai Paas Nankana Sahib"	31.4502744	73.7128328
313	Nankana Sahib	"Nabi Noor Marriage Hall (Marki), PSO
Pump to Bai Paas Link More Near Chitti Kothi Nankana Sahib"	1		50				"Nabi Noor Marriage Hall (Marki), PSO
Pump to Bai Paas Link More Near Chitti Kothi Nankana Sahib Nankana Sahib"	0	0
314	Nankana Sahib	"Qasar-e-Noor Marriage Hall, Near Lori
Adda Nankana Sahib"	1		25				"Qasar-e-Noor Marriage Hall, Near Lori
Adda Nankana Sahib Nankana Sahib"	0	0
315	Nankana Sahib	"Khalid Unit (Marki), Near Lori Adda
Nankana Sahib"	1		30				"Khalid Unit (Marki), Near Lori Adda
Nankana Sahib Nankana Sahib"	0	0
316	Nankana Sahib	"Humma Marriage Hall, Shora Kothi Road
Near Nadra Office Nankana Sahib"	3		20				"Humma Marriage Hall, Shora Kothi Road
Near Nadra Office Nankana Sahib Nankana Sahib"	0	0
317	Nankana Sahib	"Singham Mirrage Hall, Railway Road Near
District Accounts Office"	1		15				"Singham Mirrage Hall, Railway Road Near
District Accounts Office Nankana Sahib"	0	0
318	Nankana Sahib	"Al Janat Marriage Hall, Near Chungi No. 5
Nankana Sahib"	3		3				"Al Janat Marriage Hall, Near Chungi No. 5
Nankana Sahib Nankana Sahib"	0	0
319	Nankana Sahib	"Paradise Marriage Hall,"	1		20				"Paradise Marriage Hall, Nankana Sahib"	54.2342714	-1.3437141
320	Nankana Sahib	"Hakoomat Marriage Hall, Bucheki"	1		15				"Hakoomat Marriage Hall, Bucheki Nankana Sahib"	0	0
321	Nankana Sahib	"Gold Marriage Hall, Jaranwala Road
Bucheki"	5		45				"Gold Marriage Hall, Jaranwala Road
Bucheki Nankana Sahib"	0	0
322	Nankana Sahib	"Qasim Marriage Hall, Lahore Road Mandi
Faizabad"	4		30				"Qasim Marriage Hall, Lahore Road Mandi
Faizabad Nankana Sahib"	0	0
323	Nankana Sahib	"Al Madina Marriage Hall, Lahore Road
Mandi Faizabad"	1		25				"Al Madina Marriage Hall, Lahore Road
Mandi Faizabad Nankana Sahib"	0	0
324	Nankana Sahib	"Shehnai Marriage Hall, Jaranwala 240
More Road Syed Wala"	2		2				"Shehnai Marriage Hall, Jaranwala 240
More Road Syed Wala Nankana Sahib"	0	0
325	Nankana Sahib	"Bhandhan Marriage Hall, Warburton"	6		35				"Bhandhan Marriage Hall, Warburton Nankana Sahib"	0	0
326	Nankana Sahib	"Al Harm (Marki), Warburton"	1		30				"Al Harm (Marki), Warburton Nankana Sahib"	0	0
327	Nankana Sahib	"Madina Marriage Hall, Warburton"	3		35				"Madina Marriage Hall, Warburton Nankana Sahib"	0	0
328	Nankana Sahib	"Virk Marriage Hall, Warburton"	5		50				"Virk Marriage Hall, Warburton Nankana Sahib"	0	0
329	Nankana Sahib	"Ghousia Marriage Hall, More Khunda"	3		20				"Ghousia Marriage Hall, More Khunda Nankana Sahib"	0	0
330	Nankana Sahib	"Taaj Mahal Garden, More Khunda"	4		30				"Taaj Mahal Garden, More Khunda Nankana Sahib"	0	0
331	Nankana Sahib	"Al Najaf (Marki), More Khunda"	1		25				"Al Najaf (Marki), More Khunda Nankana Sahib"	0	0
332	Nankana Sahib	"Marhaba Marriage Hall, More Khunda"	5		30				"Marhaba Marriage Hall, More Khunda Nankana Sahib"	0	0
333	Nankana Sahib	"Paragon Marriage, More Khunda Hall"	4		20				"Paragon Marriage, More Khunda Hall Nankana Sahib"	0	0
334	Nankana Sahib	"TajMehal Marriage Hall, GhullayBajway
Road, Sangla Hill"	6		60				"TajMehal Marriage Hall, GhullayBajway
Road, Sangla Hill Nankana Sahib"	0	0
335	Nankana Sahib	"Shugan Marriage Hall, Faisalabad Road,
Sangla Hill."	6		50				"Shugan Marriage Hall, Faisalabad Road,
Sangla Hill. Nankana Sahib"	0	0
336	Nankana Sahib	"Royal Palace Marriage Hall, Safdarabad
Road, Sangla Hill"	3		50				"Royal Palace Marriage Hall, Safdarabad
Road, Sangla Hill Nankana Sahib"	0	0
337	Nankana Sahib	"Dubi Palace Marriage Hall, MarhBalochan,
Sangla Hill."	5		25				"Dubi Palace Marriage Hall, MarhBalochan,
Sangla Hill. Nankana Sahib"	0	0
338	Sheikhupura	Taj Mehal Hotal Lahore Road	9		9				Taj Mehal Hotal Lahore Road Sheikhupura	0	0
339	Sheikhupura	"Sultan Grand Hotal Faislabad Road
Bypass"	9		9				"Sultan Grand Hotal Faislabad Road
Bypass Sheikhupura"	0	0
340	Sheikhupura	Sun Shine Hotel GT Road	8		8				Sun Shine Hotel GT Road Sheikhupura	0	0
341	Sheikhupura	"Hotel Lahore IN, GT Road"	15		15				"Hotel Lahore IN, GT Road Sheikhupura"	0	0
342	Sheikhupura	"Park View Hotel,Dosako Chowk, Sagian"	15		15				"Park View Hotel,Dosako Chowk, Sagian Sheikhupura"	0	0
343	Sheikhupura	"Motorway IN Hotel, Saeed Chowk, Village
Baddu"	15		15				"Motorway IN Hotel, Saeed Chowk, Village
Baddu Sheikhupura"	0	0
344	Sheikhupura	"Lahore Sports Country Club Narowal Rd
Muridke"	55		55				"Lahore Sports Country Club Narowal Rd
Muridke Sheikhupura"	0	0
345	Sheikhupura	"UHS Campus, Kala shah kaku"		130	500	All Utilities Available			"UHS Campus, Kala shah kaku Sheikhupura"	0	0
346	Sheikhupura	Govt Post Graduate College for Women Sheikhupura		17	51	"Water, Electricity, Gas"	"Washroom Block with 6
Washroom and 06 toilets. Building needs extensive repairs"		Govt Post Graduate College for Women Sheikhupura Sheikhupura	0	0
347	Sheikhupura	Govt Post Graduate College for Boys Sheikhupura		10	30	"Water, Electricity, Gas"	Washroom Block with 08 Washroom and 08 toilets. Building needs extensive repairs.		Govt Post Graduate College for Boys Sheikhupura Sheikhupura	0	0
348	Sheikhupura	Govt. Post Graduate College for Boys Skp		40	240				Govt. Post Graduate College for Boys Skp Sheikhupura	0	0
349	Sheikhupura	Govt. College for Women Skp		30	180				Govt. College for Women Skp Sheikhupura	0	0
350	Sheikhupura	"Govt. High Secondary School, Skp"		35	150				"Govt. High Secondary School, Skp Sheikhupura"	0	0
351	Sheikhupura	Govt. Boys College		8	50				Govt. Boys College Sheikhupura	34.61083835	72.01985629
352	Sheikhupura	RHC Jandiala Sher Khan		5	5				RHC Jandiala Sher Khan Sheikhupura	31.8262441	73.9084481
353	Sheikhupura	Govt. Boys College Safdarabad		6	50				Govt. Boys College Safdarabad Sheikhupura	0	0
354	Total		2719	2507	9022					46.3144754	11.0480288
355	Multan	"Worker Welfare Complex, Industrial
Estate-II, Multan"		492	1384	"Electricity, Water, Sui Gas, Boundry Wall, Bathroom"			"Worker Welfare Complex, Industrial
Estate-II, Multan Multan"	0	0
356	Multan	"Nawaz Sharif Agriculture University,
Multan"		196	452	"Electricity, Water, Sui Gas, Boundry Wall, Bathroom"			"Nawaz Sharif Agriculture University,
Multan Multan"	0	0
357	Multan	Ramada		108	108	"Electricity, Water, Sui Gas, Boundry Wall, Bathroom"	Private		Ramada Multan	38.80800875	-9.19638367
358	Multan	"New DHQ Hospital, Multan"		100	100	"Electricity, Water, Sui Gas, Boundry Wall, Bathroom"	Government		"New DHQ Hospital, Multan Multan"	30.9710511	70.9566556
359	Multan	Avari Express	75		75	"Electricity, Water, Sui Gas, Boundry Wall, Bathroom"	Private		Avari Express Multan	0	0
360	Multan	Sindbad Hotel	49		49	"Electricity, Water, Sui Gas, Boundry Wall, Bathroom"	Private		Sindbad Hotel Multan	31.4343136	73.0874019
361	Multan	City Hospital		45	45	"Electricity, Water, Sui Gas, Boundry Wall, Bathroom"	Private		City Hospital Multan	52.4893357	-1.930563676
362	Multan	Hotel One	45		45	"Electricity, Water, Sui Gas, Boundry Wall, Bathroom"	Private		Hotel One Multan	36.7015264	137.8444157
363	Multan	Avalon Hotel	44		44	"Electricity, Water, Sui Gas, Boundry Wall, Bathroom"	Private		Avalon Hotel Multan	49.28167455	-123.1089295
364	Multan	Fatima Hospital		34	34	"Electricity, Water, Sui Gas, Boundry Wall, Bathroom"	Private		Fatima Hospital Multan	41.8553944	-71.46049489
365	Multan	Medicare Hospital		33	33	"Electricity, Water, Sui Gas, Boundry Wall, Bathroom"	Private		Medicare Hospital Multan	22.7223831	75.8908209
366	Multan	S-Chalet Hotel	29		29	"Electricity, Water, Sui Gas, Boundry Wall, Bathroom"	Private		S-Chalet Hotel Multan	49.4369802	-2.5393188
367	Multan	DE-Shalimar	28		28	"Electricity, Water, Sui Gas, Boundry Wall, Bathroom"	Private		DE-Shalimar Multan	51.1795042	14.4285984
368	Multan	The Arina Hotel	27		27	"Electricity, Water, Sui Gas, Boundry Wall, Bathroom"	Private		The Arina Hotel Multan	2.9610166	101.7568131
369	Multan	Fiseta Inn	24		24	"Electricity, Water, Sui Gas, Boundry Wall, Bathroom"	Private		Fiseta Inn Multan	0	0
370	Multan	Hotel Grace Inn	23		23	"Electricity, Water, Sui Gas, Boundry Wall, Bathroom"	Private		Hotel Grace Inn Multan	54.97736525	-1.577053777
371	Multan	Grand Hotel	22		22	"Electricity, Water, Sui Gas, Boundry Wall, Bathroom"	Private		Grand Hotel Multan	52.48200095	-1.899613348
372	Multan	Azeem Hospital		16	16	"Electricity, Water, Sui Gas, Boundry Wall, Bathroom"	Private		Azeem Hospital Multan	30.195043	71.44877
373	Multan	New Pride Hotel	15		15	"Electricity, Water, Sui Gas, Boundry Wall, Bathroom"	Private		New Pride Hotel Multan	21.0871603	79.0645442
374	Multan	Khursheed Rafiq Hospital		14	14	"Electricity, Water, Sui Gas, Boundry Wall, Bathroom"	Private		Khursheed Rafiq Hospital Multan	0	0
375	Multan	Ibn-e-Sena Hospital		12	12	"Electricity, Water, Sui Gas, Boundry Wall, Bathroom"	Private		Ibn-e-Sena Hospital Multan	0	0
376	Multan	Family Hospital		11	11	"Electricity, Water, Sui Gas, Boundry Wall, Bathroom"	Private		Family Hospital Multan	28.7013032	77.0983471
377	Multan	Hotel S.R Loung	10		10	"Electricity, Water, Sui Gas, Boundry Wall, Bathroom"	Private		Hotel S.R Loung Multan	0	0
378	Multan	Hotel Serina Palace	10		10	"Electricity, Water, Sui Gas, Boundry Wall, Bathroom"	Private		Hotel Serina Palace Multan	0	0
379	Multan	Aimys Guest House	9		9	"Electricity, Water, Sui Gas, Boundry Wall, Bathroom"	Private		Aimys Guest House Multan	48.200402	16.3327174
380	Multan	Bling Hotel	8		8	"Electricity, Water, Sui Gas, Boundry Wall, Bathroom"	Private		Bling Hotel Multan	49.2794978	-123.1072681
381	Multan	Hotel Paradise Plus	7		7	"Electricity, Water, Sui Gas, Boundry Wall, Bathroom"	Private		Hotel Paradise Plus Multan	3.1816293	101.5981028
382	Multan	Palase Hotel	20		20	"Electricity, Water, Sui Gas, Boundry Wall, Bathroom"	Private		Palase Hotel Multan	58.73901815	24.44562205
383	Multan	Chansery Hotel	10		10	"Electricity, Water, Sui Gas, Boundry Wall, Bathroom"	Private		Chansery Hotel Multan	0	0
384	Multan	Pace IN Hotel	22		22	"Electricity, Water, Sui Gas, Boundry Wall, Bathroom"	Private		Pace IN Hotel Multan	31.333972	-92.7154
385	Multan	City Center Sweet	16		16	"Electricity, Water, Sui Gas, Boundry Wall, Bathroom"	Private		City Center Sweet Multan	43.972945	-116.3245755
386	Multan	First Guest Hotel	22		22	"Electricity, Water, Sui Gas, Boundry Wall, Bathroom"	Private		First Guest Hotel Multan	0	0
387	Multan	Lord Laplave Guest House	20		20	"Electricity, Water, Sui Gas, Boundry Wall, Bathroom"	Private		Lord Laplave Guest House Multan	0	0
388	Multan	New Lord In	10		10	"Electricity, Water, Sui Gas, Boundry Wall, Bathroom"	Private		New Lord In Multan	45.5080971	0.6274708
389	Multan	TM Guest House	11		11	"Electricity, Water, Sui Gas, Boundry Wall, Bathroom"	Private		TM Guest House Multan	41.8858771	59.9127079
390	Multan	Exective Guest House	20		20	"Electricity, Water, Sui Gas, Boundry Wall, Bathroom"	Private		Exective Guest House Multan	0	0
391	Multan	Sun Rise	18		18	"Electricity, Water, Sui Gas, Boundry Wall, Bathroom"	Private		Sun Rise Multan	-5.87677345	-35.19855106
392	Multan	White Palce Hotel	10		10	"Electricity, Water, Sui Gas, Boundry Wall, Bathroom"	Private		White Palce Hotel Multan	-18.8214908	-69.2878166
393	Multan	Hotel Best One	20		20	"Electricity, Water, Sui Gas, Boundry Wall, Bathroom"	Private		Hotel Best One Multan	50.8026938	-1.0634572
394	Multan	King Hotel	14		14	"Electricity, Water, Sui Gas, Boundry Wall, Bathroom"	Private		King Hotel Multan	24.8510424	67.0099174
395	Multan	Kashmir Hotel	8		8	"Electricity, Water, Sui Gas, Boundry Wall, Bathroom"	Private		Kashmir Hotel Multan	24.9611286	67.0477609
396	Multan	Mehran Hotel	24		24	"Electricity, Water, Sui Gas, Boundry Wall, Bathroom"	Private		Mehran Hotel Multan	24.8518703	67.0337149
397	Multan	New Palace	8		8	"Electricity, Water, Sui Gas, Boundry Wall, Bathroom"	Private		New Palace Multan	52.40136455	13.01588813
398	Multan	Royal Plave	18		18	"Electricity, Water, Sui Gas, Boundry Wall, Bathroom"	Private		Royal Plave Multan	46.0411219	13.5895793
399	Multan	Sliver Sand	20		20	"Electricity, Water, Sui Gas, Boundry Wall, Bathroom"	Private		Sliver Sand Multan	0	0
400	Multan	Multan Rest House	11		11	"Electricity, Water, Sui Gas, Boundry Wall, Bathroom"	Private		Multan Rest House Multan	30.1617593	71.4718694
401	Multan	Mangol Hotel	15		15	"Electricity, Water, Sui Gas, Boundry Wall, Bathroom"	Private		Mangol Hotel Multan	44.8948053	110.1376472
402	Multan	Multan Continental Hotel	24		24	"Electricity, Water, Sui Gas, Boundry Wall, Bathroom"	Private		Multan Continental Hotel Multan	30.1979793	71.4724978
403	Multan	Shaheen Continental	14		14	"Electricity, Water, Sui Gas, Boundry Wall, Bathroom"	Private		Shaheen Continental Multan	24.7628429	46.8308275
404	Multan	Al Fahad	11		11	"Electricity, Water, Sui Gas, Boundry Wall, Bathroom"	Private		Al Fahad Multan	25.4183796	55.4454216
405	Multan	New Star Hotel	15		15	"Electricity, Water, Sui Gas, Boundry Wall, Bathroom"	Private		New Star Hotel Multan	23.3763154	91.0553637
406	Multan	Crown In	37		37	"Electricity, Water, Sui Gas, Boundry Wall, Bathroom"	Private		Crown In Multan	19.25879595	72.97932323
407	Multan	Dove International	12		12	"Electricity, Water, Sui Gas, Boundry Wall, Bathroom"	Private		Dove International Multan	52.8265805	-1.330056255
408	Multan	"Bhaul-din-Universty, BZU, Multan"		2900	2900	"Electricity, Water, Sui Gas, Boundry Wall, Bathroom"	Government		"Bhaul-din-Universty, BZU, Multan Multan"	0	0
409	Multan	Agriculture Universty		97	97	"Electricity, Water, Sui Gas, Boundry Wall, Bathroom"	Government		Agriculture Universty Multan	0	0
410	Multan	Women Univerty (2 Campuses)		640	640	"Electricity, Water, Sui Gas, Boundry Wall, Bathroom"	Government		Women Univerty (2 Campuses) Multan	0	0
411	Multan	"Nishter Medical Universty, Hostel"		500	500	"Electricity, Water, Sui Gas, Boundry Wall, Bathroom"	Government		"Nishter Medical Universty, Hostel Multan"	0	0
412	Khanewal	Commerce College Hostel Khanewal		18	36	"Electricity, Water, Sui Gas, Boundry Wall, Bathroom"			Commerce College Hostel Khanewal Khanewal	0	0
413	Khanewal	Boys College Post Graduate Khanewal		9	86	"Electricity, Water, Sui Gas, Boundry Wall, Bathroom"			Boys College Post Graduate Khanewal Khanewal	0	0
414	Khanewal	Girls College Hostel Khanewal		34	68	"Electricity, Water, Sui Gas, Boundry Wall, Bathroom"			Girls College Hostel Khanewal Khanewal	0	0
415	Khanewal	Govt. Women degree college Jahanian		18	36	"Electricity, Water, Sui Gas, Boundry Wall, Bathroom"			Govt. Women degree college Jahanian Khanewal	0	0
416	Khanewal	Boys College hostel Mian Channu		24	48	"Electricity, Water, Sui Gas, Boundry Wall, Bathroom"			Boys College hostel Mian Channu Khanewal	0	0
417	Khanewal	RHC Kukar Hata Kabirwala		7	14	"Electricity, Water, Sui Gas, Boundry Wall, Bathroom"			RHC Kukar Hata Kabirwala Khanewal	0	0
418	Khanewal	RHC Sardar Pur		20	40	"Electricity, Water, Sui Gas, Boundry Wall, Bathroom"			RHC Sardar Pur Khanewal	0	0
419	Khanewal	DPS Mianchannu City		94	94	"Electricity, Water, Sui Gas, Boundry Wall, Bathroom"	Government		DPS Mianchannu City Khanewal	0	0
420	Khanewal	Khanewal Public School & College		91	91	"Electricity, Water, Sui Gas, Boundry Wall, Bathroom"	Government		Khanewal Public School & College Khanewal	0	0
421	Khanewal	Govt. Model High School for Boys		67	67	"Electricity, Water, Sui Gas, Boundry Wall, Bathroom"	Government		Govt. Model High School for Boys Khanewal	0	0
422	Khanewal	DPS Jahanian City		58	58	"Electricity, Water, Sui Gas, Boundry Wall, Bathroom"	Government		DPS Jahanian City Khanewal	0	0
423	Khanewal	Punjab College Jahanian		56	56	"Electricity, Water, Sui Gas, Boundry Wall, Bathroom"	Private		Punjab College Jahanian Khanewal	30.0252506	71.81820687
424	Khanewal	Govt. Islamia High School		54	54	"Electricity, Water, Sui Gas, Boundry Wall, Bathroom"	Government		Govt. Islamia High School Khanewal	33.6198505	73.06477
425	Khanewal	Govt. Girls College Khanewal		48	48	"Electricity, Water, Sui Gas, Boundry Wall, Bathroom"	Government		Govt. Girls College Khanewal Khanewal	0	0
426	Khanewal	Govt. Degree College Khanewal		40	40	"Electricity, Water, Sui Gas, Boundry Wall, Bathroom"	Government		Govt. Degree College Khanewal Khanewal	0	0
427	Khanewal	Govt. Public High School		35	35	"Electricity, Water, Sui Gas, Boundry Wall, Bathroom"	Government		Govt. Public High School Khanewal	32.17011755	74.18717025
428	Khanewal	KPS Kabirwala City		35	35	"Electricity, Water, Sui Gas, Boundry Wall, Bathroom"	Government		KPS Kabirwala City Khanewal	0	0
429	Khanewal	Govt. MC High School		32	32	"Electricity, Water, Sui Gas, Boundry Wall, Bathroom"	Government		Govt. MC High School Khanewal	30.1624358	72.6846521
430	Khanewal	Dar-e-Arqam School Jahanian		32	32	"Electricity, Water, Sui Gas, Boundry Wall, Bathroom"	Private		Dar-e-Arqam School Jahanian Khanewal	0	0
431	Khanewal	Aspire College Jahanian		28	28	"Electricity, Water, Sui Gas, Boundry Wall, Bathroom"	Private		Aspire College Jahanian Khanewal	0	0
432	Khanewal	Superior College Jahanian		28	28	"Electricity, Water, Sui Gas, Boundry Wall, Bathroom"	Private		Superior College Jahanian Khanewal	0	0
433	Khanewal	Govt. Degree College for Girls Jahanian		27	27	"Electricity, Water, Sui Gas, Boundry Wall, Bathroom"	Government		Govt. Degree College for Girls Jahanian Khanewal	0	0
434	Khanewal	UCMS (Universty) Khanewal Kohna		26	26	"Electricity, Water, Sui Gas, Boundry Wall, Bathroom"	Private		UCMS (Universty) Khanewal Kohna Khanewal	0	0
435	Khanewal	Superior College Khanewal Boys		25	25	"Electricity, Water, Sui Gas, Boundry Wall, Bathroom"	Private		Superior College Khanewal Boys Khanewal	0	0
436	Khanewal	Superior College Khanewal Girls		25	25	"Electricity, Water, Sui Gas, Boundry Wall, Bathroom"	Private		Superior College Khanewal Girls Khanewal	0	0
437	Khanewal	Govt. Boys College Hostel		24	24	"Electricity, Water, Sui Gas, Boundry Wall, Bathroom"	Government		Govt. Boys College Hostel Khanewal	34.61083835	72.01985629
438	Khanewal	Govt. Commerce College for Boys		20	20	"Electricity, Water, Sui Gas, Boundry Wall, Bathroom"	Government		Govt. Commerce College for Boys Khanewal	0	0
439	Khanewal	Punjab College Khanewal		20	20	"Electricity, Water, Sui Gas, Boundry Wall, Bathroom"	Private		Punjab College Khanewal Khanewal	29.8861601	76.020112
440	Khanewal	"Youngs Scholar School Boys Branch
Gulberg"		20	20	"Electricity, Water, Sui Gas, Boundry Wall, Bathroom"	Private		"Youngs Scholar School Boys Branch
Gulberg Khanewal"	0	0
441	Khanewal	Science School Civil Line Khanewal		20	20	"Electricity, Water, Sui Gas, Boundry Wall, Bathroom"	Private		Science School Civil Line Khanewal Khanewal	0	0
442	Khanewal	RHS Sardarpur		20	20	"Electricity, Water, Sui Gas, Boundry Wall, Bathroom"	Government		RHS Sardarpur Khanewal	0	0
443	Khanewal	Govt. Deggree College for Boys Jahanian		20	20	"Electricity, Water, Sui Gas, Boundry Wall, Bathroom"	Government		Govt. Deggree College for Boys Jahanian Khanewal	0	0
444	Khanewal	Govt. Commerce College for Girls		18	18	"Electricity, Water, Sui Gas, Boundry Wall, Bathroom"	Government		Govt. Commerce College for Girls Khanewal	0	0
445	Khanewal	The Educator School		16	16	"Electricity, Water, Sui Gas, Boundry Wall, Bathroom"	Private		The Educator School Khanewal	32.5879401	74.0839331
446	Khanewal	Govt. Technical College		15	15	"Electricity, Water, Sui Gas, Boundry Wall, Bathroom"	Government		Govt. Technical College Khanewal	31.2616169	72.3593567
447	Khanewal	"Youngs Scholar School Girls Branch
Gulberg"		15	15	"Electricity, Water, Sui Gas, Boundry Wall, Bathroom"	Private		"Youngs Scholar School Girls Branch
Gulberg Khanewal"	0	0
448	Khanewal	Islamic Aid Hospital Tulmba Road Mian		15	15	"Electricity, Water, Sui Gas, Boundry Wall, Bathroom"	Private		Islamic Aid Hospital Tulmba Road Mian Khanewal	0	0
449	Khanewal	Govt. Girls Model School		14	14	"Electricity, Water, Sui Gas, Boundry Wall, Bathroom"	Government		Govt. Girls Model School Khanewal	8.89332255	76.5782239
450	Khanewal	Royal Guest House	14		14	"Electricity, Water, Sui Gas, Boundry Wall, Bathroom"	Private		Royal Guest House Khanewal	12.9450051	77.5948204
451	Khanewal	"Saleem Akhtar Clinic, Hadayt Ullah Road,
Mian Channu"		10	10	"Electricity, Water, Sui Gas, Boundry Wall, Bathroom"	Private		"Saleem Akhtar Clinic, Hadayt Ullah Road,
Mian Channu Khanewal"	0	0
452	Khanewal	"Alghani Children Clinic, Shaheen Chowk,
Mian Channu"		10	10	"Electricity, Water, Sui Gas, Boundry Wall, Bathroom"	Private		"Alghani Children Clinic, Shaheen Chowk,
Mian Channu Khanewal"	0	0
453	Khanewal	"Doctors hospital Shaheen Chowk, Mian
Channu"		10	10	"Electricity, Water, Sui Gas, Boundry Wall, Bathroom"	Private		"Doctors hospital Shaheen Chowk, Mian
Channu Khanewal"	0	0
454	Khanewal	"Specialist Hospital Nawab Colony, Mian
Channu"		10	10	"Electricity, Water, Sui Gas, Boundry Wall, Bathroom"	Private		"Specialist Hospital Nawab Colony, Mian
Channu Khanewal"	0	0
455	Khanewal	"Ghufar General Hospital Tulamaba Road.
Mian Channu"		10	10	"Electricity, Water, Sui Gas, Boundry Wall, Bathroom"	Private		"Ghufar General Hospital Tulamaba Road.
Mian Channu Khanewal"	0	0
456	Khanewal	"Royal Guest House, Khanewal"	10		10	"Electricity, Water, Sui Gas, Boundry Wall, Bathroom"	Private		"Royal Guest House, Khanewal Khanewal"	30.2913598	71.9309092
457	Khanewal	Govt. Boys Degree College Khanewal		9	9	"Electricity, Water, Sui Gas, Boundry Wall, Bathroom"	Government		Govt. Boys Degree College Khanewal Khanewal	0	0
458	Khanewal	"Awas Clinic, Saddar Colony, Mian Channu"		8	8	"Electricity, Water, Sui Gas, Boundry Wall, Bathroom"	Private		"Awas Clinic, Saddar Colony, Mian Channu Khanewal"	0	0
459	Khanewal	"Shifa Medical Center, Hadayt Ullah Road,
Mian Channu"		8	8	"Electricity, Water, Sui Gas, Boundry Wall, Bathroom"	Private		"Shifa Medical Center, Hadayt Ullah Road,
Mian Channu Khanewal"	0	0
460	Khanewal	Shahbaz Clinic Nishtar Road Mian Channu		8	8	"Electricity, Water, Sui Gas, Boundry Wall, Bathroom"	Private		Shahbaz Clinic Nishtar Road Mian Channu Khanewal	0	0
461	Khanewal	Umar Hospital Near Railway Gate Mian		8	8	"Electricity, Water, Sui Gas, Boundry Wall, Bathroom"	Private		Umar Hospital Near Railway Gate Mian Khanewal	0	0
462	Khanewal	Majeed Hospital Block NO. 11 Khanewal		8	8	"Electricity, Water, Sui Gas, Boundry Wall, Bathroom"	Private		Majeed Hospital Block NO. 11 Khanewal Khanewal	0	0
463	Khanewal	"New Moon Hotel, Mian Channu"	8		8	"Electricity, Water, Sui Gas, Boundry Wall, Bathroom"	Private		"New Moon Hotel, Mian Channu Khanewal"	0	0
464	Khanewal	RHS Kukar Hatta		7	7	"Electricity, Water, Sui Gas, Boundry Wall, Bathroom"	Government		RHS Kukar Hatta Khanewal	0	0
465	Khanewal	Fareha Hospital Tulamba Road Mian		7	7	"Electricity, Water, Sui Gas, Boundry Wall, Bathroom"	Private		Fareha Hospital Tulamba Road Mian Khanewal	0	0
466	Khanewal	"Al-Shifa Hudi Jod Near Chowngi Korary
Wali, Kabirwala"		7	7	"Electricity, Water, Sui Gas, Boundry Wall, Bathroom"	Private		"Al-Shifa Hudi Jod Near Chowngi Korary
Wali, Kabirwala Khanewal"	0	0
467	Khanewal	"Javed Hotel, Khanewal"	7		7	"Electricity, Water, Sui Gas, Boundry Wall, Bathroom"	Private		"Javed Hotel, Khanewal Khanewal"	0	0
468	Khanewal	Khanewal Guest House	6		6	"Electricity, Water, Sui Gas, Boundry Wall, Bathroom"	Private		Khanewal Guest House Khanewal	29.8861601	76.020112
469	Khanewal	Rajput Guest House	6		6	"Electricity, Water, Sui Gas, Boundry Wall, Bathroom"	Private		Rajput Guest House Khanewal	52.3754571	-2.3174512
470	Khanewal	"Hajra Clinic, GT, Road, Mian Channu"		6	6	"Electricity, Water, Sui Gas, Boundry Wall, Bathroom"	Private		"Hajra Clinic, GT, Road, Mian Channu Khanewal"	0	0
471	Khanewal	"Memona Surgical Hospital, Mian Channu"		6	6	"Electricity, Water, Sui Gas, Boundry Wall, Bathroom"	Private		"Memona Surgical Hospital, Mian Channu Khanewal"	0	0
472	Khanewal	"Noise, Ear & Throught Clinic, Hadayt
Ullah Road, Mian Channu"		6	6	"Electricity, Water, Sui Gas, Boundry Wall, Bathroom"	Private		"Noise, Ear & Throught Clinic, Hadayt
Ullah Road, Mian Channu Khanewal"	0	0
473	Khanewal	"Gujar Clinic Agricultar Bank Chowk Mian
Channu"		6	6	"Electricity, Water, Sui Gas, Boundry Wall, Bathroom"	Private		"Gujar Clinic Agricultar Bank Chowk Mian
Channu Khanewal"	0	0
474	Khanewal	"Mushtaq Clinic Nawab Colony Mian
Chanuu"		6	6	"Electricity, Water, Sui Gas, Boundry Wall, Bathroom"	Private		"Mushtaq Clinic Nawab Colony Mian
Chanuu Khanewal"	0	0
475	Khanewal	"Yasin Clininic Mushtaq Colony Mian
Channu"		6	6	"Electricity, Water, Sui Gas, Boundry Wall, Bathroom"	Private		"Yasin Clininic Mushtaq Colony Mian
Channu Khanewal"	0	0
476	Khanewal	Amin Clinic Shami Road Mian Channu		6	6	"Electricity, Water, Sui Gas, Boundry Wall, Bathroom"	Private		Amin Clinic Shami Road Mian Channu Khanewal	0	0
477	Khanewal	"Al-Qasir Medical Care Center Near,
Makhdom chungi, Kabirwala"		6	6	"Electricity, Water, Sui Gas, Boundry Wall, Bathroom"	Private		"Al-Qasir Medical Care Center Near,
Makhdom chungi, Kabirwala Khanewal"	0	0
478	Khanewal	Poly Cl. Bock No. 11 Khanewal		6	6	"Electricity, Water, Sui Gas, Boundry Wall, Bathroom"	Private		Poly Cl. Bock No. 11 Khanewal Khanewal	0	0
479	Khanewal	"Khanewal Guest House, Khanewal"	6		6	"Electricity, Water, Sui Gas, Boundry Wall, Bathroom"	Private		"Khanewal Guest House, Khanewal Khanewal"	30.3022528	71.9278916
480	Khanewal	"Margalla Motol, Khanwal"		6	6	"Electricity, Water, Sui Gas, Boundry Wall, Bathroom"	Private		"Margalla Motol, Khanwal Khanewal"	0	0
481	Khanewal	"Hashim Hospital, Abdul Hakeem Road,
Tulamba"		5	5	"Electricity, Water, Sui Gas, Boundry Wall, Bathroom"	Private		"Hashim Hospital, Abdul Hakeem Road,
Tulamba Khanewal"	0	0
482	Khanewal	"Meraj Medical Center, Farakh Town, Mian
Channu"		5	5	"Electricity, Water, Sui Gas, Boundry Wall, Bathroom"	Private		"Meraj Medical Center, Farakh Town, Mian
Channu Khanewal"	0	0
483	Khanewal	"Shafa Poly Clinic Circular Road Mian
Channu"		5	5	"Electricity, Water, Sui Gas, Boundry Wall, Bathroom"	Private		"Shafa Poly Clinic Circular Road Mian
Channu Khanewal"	0	0
484	Khanewal	"Abdulla Medical Center Near THQ
Hospital Kabirwala"		5	5	"Electricity, Water, Sui Gas, Boundry Wall, Bathroom"	Private		"Abdulla Medical Center Near THQ
Hospital Kabirwala Khanewal"	0	0
485	Khanewal	"Ali Muhammad Clinic Multan Road,
Kabirwala"		5	5	"Electricity, Water, Sui Gas, Boundry Wall, Bathroom"	Private		"Ali Muhammad Clinic Multan Road,
Kabirwala Khanewal"	0	0
486	Khanewal	"Children Hospital Multan Road Near THQ
Kabirwala"		5	5	"Electricity, Water, Sui Gas, Boundry Wall, Bathroom"	Private		"Children Hospital Multan Road Near THQ
Kabirwala Khanewal"	0	0
487	Khanewal	"Al-Rafi Hospital Near Habib Bank
Khanewal Road, Kabirwala"		5	5	"Electricity, Water, Sui Gas, Boundry Wall, Bathroom"	Private		"Al-Rafi Hospital Near Habib Bank
Khanewal Road, Kabirwala Khanewal"	0	0
488	Khanewal	Al-Noor Hospital Block No. 15 Khanewal		5	5	"Electricity, Water, Sui Gas, Boundry Wall, Bathroom"	Private		Al-Noor Hospital Block No. 15 Khanewal Khanewal	0	0
489	Khanewal	Rafi Hospital Girls College Road Khanewal		5	5	"Electricity, Water, Sui Gas, Boundry Wall, Bathroom"	Private		Rafi Hospital Girls College Road Khanewal Khanewal	0	0
490	Khanewal	"City Gate Hotel, Khanewal"	4		4	"Electricity, Water, Sui Gas, Boundry Wall, Bathroom"	Private		"City Gate Hotel, Khanewal Khanewal"	30.3176326	71.9606249
491	Khanewal	"Bakhtawar Hotel, Kabirwala"	3		3	"Electricity, Water, Sui Gas, Boundry Wall, Bathroom"	Private		"Bakhtawar Hotel, Kabirwala Khanewal"	0	0
492	Lodhran	GHS Haveeli Naseer Khan		10	50	"Electricity, Bathroom, Water Supply, Food"			GHS Haveeli Naseer Khan Lodhran	0	0
493	Lodhran	Govt Boys School Adam Wahan		12	50	"Electricity, Bathroom, Water Supply, Food"			Govt Boys School Adam Wahan Lodhran	0	0
494	Lodhran	GHS Danwaran		15	50	"Electricity, Bathroom, Water Supply, Food"			GHS Danwaran Lodhran	0	0
495	Lodhran	GHS Chak himta		19	60	"Electricity, Bathroom, Water Supply, Food"			GHS Chak himta Lodhran	0	0
496	Lodhran	GHS Fazl Wala		13	50	"Electricity, Bathroom, Water Supply, Food"			GHS Fazl Wala Lodhran	0	0
497	Lodhran	GHS Wahi Ali Arain		17	70	"Electricity, Bathroom, Water Supply, Food"			GHS Wahi Ali Arain Lodhran	0	0
498	Lodhran	GHS Qureshi Wala		13	50	"Electricity, Bathroom, Water Supply, Food"			GHS Qureshi Wala Lodhran	0	0
499	Lodhran	GHS Chamb Kulyar		12	50	"Electricity, Bathroom, Water Supply, Food"			GHS Chamb Kulyar Lodhran	0	0
500	Lodhran	GHS Salsaddar		13	50	"Electricity, Bathroom, Water Supply, Food"			GHS Salsaddar Lodhran	0	0
501	Lodhran	GHS Jhanbi Wahin		7	30	"Electricity, Bathroom, Water Supply, Food"			GHS Jhanbi Wahin Lodhran	0	0
502	Lodhran	GHS Qadir Pur Chimna		15	50	"Electricity, Bathroom, Water Supply, Food"			GHS Qadir Pur Chimna Lodhran	0	0
503	Lodhran	GHS Bahawal Garh		27	70	"Electricity, Bathroom, Water Supply, Food"			GHS Bahawal Garh Lodhran	0	0
504	Lodhran	GES Basti Seeker		8	35	"Electricity, Bathroom, Water Supply, Food"			GES Basti Seeker Lodhran	0	0
505	Lodhran	GGHS Rind Jada		9	40	"Electricity, Bathroom, Water Supply, Food"			GGHS Rind Jada Lodhran	0	0
506	Lodhran	GHSS Rind Jada		8	35	"Electricity, Bathroom, Water Supply, Food"			GHSS Rind Jada Lodhran	0	0
507	Lodhran	GHS Nathay Wala		19	60	"Electricity, Bathroom, Water Supply, Food"			GHS Nathay Wala Lodhran	0	0
508	Lodhran	GHS Noqabil Wah		14	50	"Electricity, Bathroom, Water Supply, Food"			GHS Noqabil Wah Lodhran	0	0
509	Lodhran	GHS Jalla Arayin		31	80	"Electricity, Bathroom, Water Supply, Food"			GHS Jalla Arayin Lodhran	0	0
510	Lodhran	GHS Qutab Pur		27	75	"Electricity, Bathroom, Water Supply, Food"			GHS Qutab Pur Lodhran	0	0
511	Lodhran	GHS 35M		18	60	"Electricity, Bathroom, Water Supply, Food"			GHS 35M Lodhran	12.8682063	74.8403464
512	Lodhran	GHS 237 WB		11	35	"Electricity, Bathroom, Water Supply, Food"			GHS 237 WB Lodhran	0	0
513	Lodhran	GHSS Makhdoom Wali		33	80	"Electricity, Bathroom, Water Supply, Food"			GHSS Makhdoom Wali Lodhran	0	0
514	Lodhran	GGHS Dunyapur		28	80	"Electricity, Bathroom, Water Supply, Food"			GGHS Dunyapur Lodhran	0	0
515	Lodhran	GHS Dunyapur		28	80	"Electricity, Bathroom, Water Supply, Food"			GHS Dunyapur Lodhran	0	0
516	Lodhran	Shahida Islam Medical & Dental College		1100	1100	"Electricity, Bathroom, Water Supply, Food"			Shahida Islam Medical & Dental College Lodhran	0	0
517	Lodhran	Nasu Laeaska Hotel	8		8				Nasu Laeaska Hotel Lodhran	0	0
518	Vehari	"Govt.Post Graduate College of Woman
Vehari"		40	40	"Electricity, Bathroom, Water, Boundry Wall"	Government		"Govt.Post Graduate College of Woman
Vehari Vehari"	0	0
519	Vehari	Govt.Post Graduate College Burewala		30	30	"Electricity, Bathroom, Water, Boundry Wall"	Government		Govt.Post Graduate College Burewala Vehari	0	0
520	Vehari	"Din Hospital Burewala,"		25	25	"Electricity, Water Supply, Sui Gas, Boundry Wall"	Private		"Din Hospital Burewala, Vehari"	0	0
521	Vehari	University of Education		20	20	"Electricity, Water Supply, Sui Gas, Boundry Wall"	Government		University of Education Vehari	31.5763386	74.3039617
522	Vehari	"Govt.Post Graduate College of Woman
Mailsi"		20	20	"Electricity, Bathroom, Water Supply, Boundry Wall"	Government		"Govt.Post Graduate College of Woman
Mailsi Vehari"	0	0
523	Vehari	Govt.Degree College Woman Burewala		20	20	"Electricity, Bathroom, Water Supply, Boundry Wall"	Government		Govt.Degree College Woman Burewala Vehari	0	0
524	Vehari	"Govt.Degree College Woman Sheikh
Fazal"		20	20	"Electricity, Bathroom, Water Supply, Boundry Wall"	Government		"Govt.Degree College Woman Sheikh
Fazal Vehari"	0	0
525	Vehari	Govt.Degree College Mailsi		20	20	"Electricity, Bathroom, Water Supply, Boundry Wall"	Government		Govt.Degree College Mailsi Vehari	0	0
526	Vehari	Girls Hostel Vehari		17	17	"Electricity, Water Supply, Sui Gas, Boundry Wall"	Private		Girls Hostel Vehari Vehari	0	0
527	Vehari	City Top Hotel Vehari	15		15	"Electricity, Water Supply, Sui Gas, Boundry Wall"	Private		City Top Hotel Vehari Vehari	0	0
528	Vehari	Sky View Hotel Vehari	14		14	"Electricity, Water Supply, Sui Gas, Boundry Wall"	Private		Sky View Hotel Vehari Vehari	0	0
529	Vehari	Rafique Boys hostel		14	14	"Electricity, Water Supply, Sui Gas, Boundry Wall"	Private		Rafique Boys hostel Vehari	23.7686331	90.3517869
530	Vehari	Al shafi Boys Hostel		14	14	"Electricity, Water Supply, Sui Gas, Boundry Wall"	Private		Al shafi Boys Hostel Vehari	32.1155648	34.9704458
531	Vehari	Govt.Post Graduate College Vehari		14	14	"Electricity, Bathroom, Water Supply, Boundry Wall"	Government		Govt.Post Graduate College Vehari Vehari	0	0
532	Vehari	"Usman Medical Hospital Mailsi,"		10	10	"Electricity, Water Supply, Sui Gas, Boundry Wall"	Private		"Usman Medical Hospital Mailsi, Vehari"	0	0
533	Vehari	Maryam Hospital Mailsi		10	10	"Electricity, Water Supply, Sui Gas, Boundry Wall"	Private		Maryam Hospital Mailsi Vehari	0	0
534	Vehari	"Hanif Surgical Hospital Vehari,"		10	10	"Electricity, Water Supply, Sui Gas, Boundry Wall"	Private		"Hanif Surgical Hospital Vehari, Vehari"	0	0
535	Vehari	"Dhiloo Surgical Hospital Burewala,"		10	10	"Electricity, Water Supply, Sui Gas, Boundry Wall"	Private		"Dhiloo Surgical Hospital Burewala, Vehari"	0	0
536	Vehari	Yasin Hospital Gaggo		10	10	"Electricity, Water Supply, Sui Gas, Boundry Wall"	Private		Yasin Hospital Gaggo Vehari	31.915182	74.8080231
537	Vehari	Ghani Hospital Burewala		10	10	"Electricity, Water Supply, Sui Gas, Boundry Wall"	Private		Ghani Hospital Burewala Vehari	0	0
538	Vehari	Bilal Surgical Hospital Burewala		10	10	"Electricity, Water Supply, Sui Gas, Boundry Wall"	Private		Bilal Surgical Hospital Burewala Vehari	0	0
539	Vehari	Sareen Hotel Vehari	10		10	"Electricity, Water Supply, Sui Gas, Boundry Wall"	Private		Sareen Hotel Vehari Vehari	0	0
540	Vehari	Flame and Cool Burewala		10	10	"Electricity, Water Supply, Sui Gas, Boundry Wall"	Private		Flame and Cool Burewala Vehari	0	0
541	Vehari	5 Star Hotel Vehari	10		10	"Electricity, Water Supply, Sui Gas, Boundry Wall"	Private		5 Star Hotel Vehari Vehari	0	0
542	Vehari	Oriental Hotel Vehari	10		10	"Electricity, Water Supply, Sui Gas, Boundry Wall"	Private		Oriental Hotel Vehari Vehari	0	0
543	Vehari	Maddni HotelVehari	10		10	"Electricity, Water Supply, Sui Gas, Boundry Wall"	Private		Maddni HotelVehari Vehari	0	0
544	Vehari	Marhaba Hotel and Resturent Mailsi	10		10	"Electricity, Water Supply, Sui Gas, Boundry Wall"	Private		Marhaba Hotel and Resturent Mailsi Vehari	0	0
545	Vehari	Fatima tu Zuhra FemalHostel		10	10	"Electricity, Water Supply, Sui Gas, Boundry Wall"	Private		Fatima tu Zuhra FemalHostel Vehari	0	0
546	Vehari	Dr Jind Wadda Hospital Mailsi		9	9	"Electricity, Water Supply, Sui Gas, Boundry Wall"	Private		Dr Jind Wadda Hospital Mailsi Vehari	0	0
547	Vehari	"Zainab Hospital Vehari,"		8	8	"Electricity, Water Supply, Sui Gas, Boundry Wall"	Private		"Zainab Hospital Vehari, Vehari"	0	0
548	Vehari	Rasheed Memoriyal Hospital Vehari		8	8	"Electricity, Water Supply, Sui Gas, Boundry Wall"	Private		Rasheed Memoriyal Hospital Vehari Vehari	0	0
549	Vehari	"Al- Shifa Hospital Vehari,"		8	8	"Electricity, Water Supply, Sui Gas, Boundry Wall"	Private		"Al- Shifa Hospital Vehari, Vehari"	0	0
550	Vehari	"Hijazi Hospital Vehari,"		8	8	"Electricity, Water Supply, Sui Gas, Boundry Wall"	Private		"Hijazi Hospital Vehari, Vehari"	0	0
551	Vehari	Fatima Hospital Vehari		8	8	"Electricity, Water Supply, Sui Gas, Boundry Wall"	Private		Fatima Hospital Vehari Vehari	30.1462996	71.553336
552	Vehari	National Hospital Vehari		7	7	"Electricity, Water Supply, Sui Gas, Boundry Wall"	Private		National Hospital Vehari Vehari	30	72.333333
553	Vehari	"Aeman Surgical Hospital Burewala,"		7	7	"Electricity, Water Supply, Sui Gas, Boundry Wall"	Private		"Aeman Surgical Hospital Burewala, Vehari"	0	0
554	Vehari	Working Woman Hostel		7	7	"Electricity, Water Supply, Sui Gas, Boundry Wall"	Government		Working Woman Hostel Vehari	0	0
555	Vehari	Foji Boys Hostel		7	7	"Electricity, Water Supply, Sui Gas, Boundry Wall"	Private		Foji Boys Hostel Vehari	27.3322497	78.1446439
556	Vehari	"Surya Hospital Mailsi,"		6	6	"Electricity, Water Supply, Sui Gas, Boundry Wall"	Private		"Surya Hospital Mailsi, Vehari"	0	0
557	Vehari	"Gulzar Hospital Vehari,"		6	6	"Electricity, Water Supply, Sui Gas, Boundry Wall"	Private		"Gulzar Hospital Vehari, Vehari"	0	0
558	Vehari	Imran Hostel Male Vehari		6	6	"Electricity, Water Supply, Sui Gas, Boundry Wall"	Private		Imran Hostel Male Vehari Vehari	0	0
559	Vehari	Global Male Hostel		6	6	"Electricity, Water Supply, Sui Gas, Boundry Wall"	Private		Global Male Hostel Vehari	42.0464591	25.58225159
560	Vehari	Burewala Girls Hostel		6	6	"Electricity, Water Supply, Sui Gas, Boundry Wall"	Private		Burewala Girls Hostel Vehari	0	0
561	Vehari	"Ayan Hospital Mailsi,"		5	5	"Electricity, Water Supply, Sui Gas, Boundry Wall"	Private		"Ayan Hospital Mailsi, Vehari"	0	0
562	Vehari	"Sughra Shafi Hospital Vehari,"		5	5	"Electricity, Water Supply, Sui Gas, Boundry Wall"	Private		"Sughra Shafi Hospital Vehari, Vehari"	0	0
563	Vehari	"Al-Amin Hospital Burewala,"		5	5	"Electricity, Water Supply, Sui Gas, Boundry Wall"	Private		"Al-Amin Hospital Burewala, Vehari"	0	0
564	Vehari	"Shahid Hospital Burewala,"		5	5	"Electricity, Water Supply, Sui Gas, Boundry Wall"	Private		"Shahid Hospital Burewala, Vehari"	0	0
565	Vehari	"Shafi Hospital Burewala,"		5	5	"Electricity, Water Supply, Sui Gas, Boundry Wall"	Private		"Shafi Hospital Burewala, Vehari"	0	0
566	Vehari	Saleem Boys Hostel		5	5	"Electricity, Water Supply, Sui Gas, Boundry Wall"	Private		Saleem Boys Hostel Vehari	14.88709075	32.95793578
567	Vehari	CHaudary Javed Femal Hostel		5	5	"Electricity, Water Supply, Sui Gas, Boundry Wall"	Private		CHaudary Javed Femal Hostel Vehari	0	0
568	Vehari	"City Hospital Vehari,"		3	3	"Electricity, Water Supply, Sui Gas, Boundry Wall"	Private		"City Hospital Vehari, Vehari"	30	72.333333
569	Vehari	City Girls Hotel		3	3	"Electricity, Water Supply, Sui Gas, Boundry Wall"	Private		City Girls Hotel Vehari	56.0352268	12.6144389
570	Vehari	"Khursheed Anwar Stadium, Vehari"		6	50	"Electricity, backup power supply, Water, Drinking
water, sewerage system"			"Khursheed Anwar Stadium, Vehari Vehari"	0	0
571	Vehari	Tehsil Council Rest House Mailsi	7		30	"Electricity, backup power supply, Water, Drinking
water, sewerage system"			Tehsil Council Rest House Mailsi Vehari	0	0
572	Vehari	Boys Degree College Burewala Hostel		60	120	"Electricity, Water, Drinking water, sewerage system"			Boys Degree College Burewala Hostel Vehari	0	0
573	Vehari	"Govt. Technology College 507/EB
Burewala"		32	60	"Electricity, Water, Drinking water, sewerage system"			"Govt. Technology College 507/EB
Burewala Vehari"	0	0
574	Vehari	"University of Agriculture Faisalabad sub
campus Burewala"		35	100	"Electricity, Water, Drinking water"			"University of Agriculture Faisalabad sub
campus Burewala Vehari"	0	0
575	Vehari	"Hostel, Govt. Danish School Mailsi"		104	624	"Electricity, backup power supply, Water,
Drinking water, sewerage system"			"Hostel, Govt. Danish School Mailsi Vehari"	0	0
576	Total		1013	8827	12859					46.3144754	11.0480288
577	Rawalpindi	"UET, Taxila"		785	785	"Electricity, Drinking Water, Bed, Common Washrooms
etc."			"UET, Taxila Rawalpindi"	33.762762	72.8204008
578	Rawalpindi	Fatima Jinnah Women University		220	250	Electricity and Drinking Water etc.			Fatima Jinnah Women University Rawalpindi	33.5875342	73.06379435
579	Rawalpindi	ARID Agriculture University Hostel		210	240	Electricity and Drinking Water etc.			ARID Agriculture University Hostel Rawalpindi	0	0
580	Rawalpindi	Faran Hotel Murree	115		130	Electricity and Drinking Water etc.			Faran Hotel Murree Rawalpindi	0	0
581	Rawalpindi	"Arid Agriculture University, Iqbal Hall"		100	100	"Electricity, Bedding, Washroom, Water, Towel, Soap,
Paste and Tooth Brush etc."			"Arid Agriculture University, Iqbal Hall Rawalpindi"	0	0
582	Rawalpindi	"Anjuman Faizul Islam New Campus
Mandra Tehsil Gujar Khan"		100	100	Electricity and Drinking Water etc.			"Anjuman Faizul Islam New Campus
Mandra Tehsil Gujar Khan Rawalpindi"	0	0
583	Rawalpindi	"Gordon College, Rawalpindi"		90	90	"Electricity, Water,  and Washroom etc"			"Gordon College, Rawalpindi Rawalpindi"	33.6083525	73.0617318
584	Rawalpindi	"Rawalpindi Women University Satellite
Town Rawalpindi"		80	100	Electricity and Drinking Water etc.			"Rawalpindi Women University Satellite
Town Rawalpindi Rawalpindi"	0	0
585	Rawalpindi	Move and Pick Hall Road Murree	80		100	Electricity and Drinking Water etc.			Move and Pick Hall Road Murree Rawalpindi	0	0
586	Rawalpindi	Java International Hotel Murree	75		80	Electricity and Drinking Water etc.			Java International Hotel Murree Rawalpindi	0	0
587	Rawalpindi	Mehran Hotel Motor Agency Murree	65		70	Electricity and Drinking Water etc.			Mehran Hotel Motor Agency Murree Rawalpindi	0	0
588	Rawalpindi	"Convent of Jesus and Merry School Pindi
Point Murree"		60	100	Electricity and Drinking Water etc.			"Convent of Jesus and Merry School Pindi
Point Murree Rawalpindi"	0	0
589	Rawalpindi	Murree Village Flats Expressway Murree		60	120	Electricity and Drinking Water etc.			Murree Village Flats Expressway Murree Rawalpindi	0	0
590	Rawalpindi	"Alhamra Sirozgali, GPO Murree"		55	60	Electricity and Drinking Water etc.			"Alhamra Sirozgali, GPO Murree Rawalpindi"	0	0
591	Rawalpindi	Punjab College Gujar Khan		54	60	Electricity and Drinking Water etc.			Punjab College Gujar Khan Rawalpindi	33.2543205	73.3065712
592	Rawalpindi	"Punjab College, Gujar Khan"		50	50	"Electricity, Water, Washroom, Bedding Towel, Soap,
Paste and Tooth Brush etc"			"Punjab College, Gujar Khan Rawalpindi"	33.2543205	73.3065712
593	Rawalpindi	"Bahria Hostel, Bahria Town Phase-8"		50	50	Electricity and Drinking Water etc.			"Bahria Hostel, Bahria Town Phase-8 Rawalpindi"	0	0
594	Rawalpindi	"Govt. Postgraduate College Asghar Mall
Rawalpindi"		46	50	Electricity and Drinking Water etc.			"Govt. Postgraduate College Asghar Mall
Rawalpindi Rawalpindi"	0	0
595	Rawalpindi	"GTC TEVTA, Taxila"		44	44	"Electricity, Water, Washroom, Bedding Towel, Soap,
Paste and Tooth Brush etc"			"GTC TEVTA, Taxila Rawalpindi"	0	0
596	Rawalpindi	Lalazar Hotel near GPO Chowk Murree	34		50	Electricity and Drinking Water etc.			Lalazar Hotel near GPO Chowk Murree Rawalpindi	0	0
597	Rawalpindi	"Anjuman e Faiz ul Islam Doberan Kalan
Campus Tehsil Kallar Syedan"		31	31	Electricity and Drinking Water etc.			"Anjuman e Faiz ul Islam Doberan Kalan
Campus Tehsil Kallar Syedan Rawalpindi"	0	0
598	Rawalpindi	"Govt.Postgraduate College Satellite Town
Rawalpindi"		28	30	Electricity and Drinking Water etc.			"Govt.Postgraduate College Satellite Town
Rawalpindi Rawalpindi"	0	0
599	Rawalpindi	"Govt. Viqar Un Nisa Postgraduate College
(W) Rawalpindi"		25	30	Electricity and Drinking Water etc.			"Govt. Viqar Un Nisa Postgraduate College
(W) Rawalpindi Rawalpindi"	0	0
600	Rawalpindi	Forest Academy Murree		25	30	Electricity and Drinking Water etc.			Forest Academy Murree Rawalpindi	0	0
601	Rawalpindi	TEVTA College Muurree		25	30	Electricity and Drinking Water etc.			TEVTA College Muurree Rawalpindi	0	0
602	Rawalpindi	White House Chitta Morh Murree		24	30	Electricity and Drinking Water etc.			White House Chitta Morh Murree Rawalpindi	0	0
603	Attock	Tevta College Fateh Jang Road Attock		64	160	"Drinking Water, Bedding and Boundary Wall etc"	Hall		Tevta College Fateh Jang Road Attock Attock	0	0
604	Attock	"Wapda Office Fateh Jang Road Attock
City"		12	24	-do-			"Wapda Office Fateh Jang Road Attock
City Attock"	0	0
605	Attock	"Madrasa Prachgan, Hinjra, Jand"		120	200	-do-			"Madrasa Prachgan, Hinjra, Jand Attock"	0	0
606	Attock	Tameer-e-Millat School Ratwal Fatehjang		85	85	-do-			Tameer-e-Millat School Ratwal Fatehjang Attock	0	0
607	Attock	Cadet College Hassan Abdal		192	240	-do-			Cadet College Hassan Abdal Attock	0	0
608	Attock	"Danish School, Jand"		52	52	-do-			"Danish School, Jand Attock"	0	0
609	Attock	Govt. College for Boys Attock		57	57	-do-			Govt. College for Boys Attock Attock	0	0
610	Attock	Govt. College for Women Attock.		55	55	-do-			Govt. College for Women Attock. Attock	0	0
611	Chakwal	"Cadet College, Choa Saiden Shah"		159	288	"Electricity, Drinking Water and Washroom etc"			"Cadet College, Choa Saiden Shah Chakwal"	32.7244099	72.9656638
612	Chakwal	Cadet College Murred		125	257	"Electricity, Drinking Water and Washroom etc"			Cadet College Murred Chakwal	0	0
613	Chakwal	Kallar Kahar Science College for Boys		118	118	"Electricity, Drinking Water and Washroom etc"			Kallar Kahar Science College for Boys Chakwal	0	0
614	Chakwal	Kallar Kahar Science College for Girls		72	72	"Electricity, Drinking Water and Washroom etc"			Kallar Kahar Science College for Girls Chakwal	0	0
615	Chakwal	"Punjab School of Mines, CSS."		72	175	"Electricity, Drinking Water and Washroom etc"			"Punjab School of Mines, CSS. Chakwal"	0	0
616	Jhelum	"Govt. Post Graduate College, Tahlianwala
Jhelum"		33	60	"Electricity, Drinking Water, Washroom  and Beds etc"			"Govt. Post Graduate College, Tahlianwala
Jhelum Jhelum"	0	0
617	Jhelum	"Govt. Post Graduate College for Women
Jhelum"		24	32	-do-			"Govt. Post Graduate College for Women
Jhelum Jhelum"	0	0
618	Jhelum	Govt. Special Education Institute Sohawa		21	50	-do-			Govt. Special Education Institute Sohawa Jhelum	0	0
619	Jhelum	Govt. Technical College Jhelum		56	84	"Electricity, Drinking Water, Washroom and Beds etc"			Govt. Technical College Jhelum Jhelum	0	0
620	Jhelum	Cadet College Jhelum		81	120	-do-			Cadet College Jhelum Jhelum	0	0
621	Jhelum	Punjab University Campus Jhelum		47	100	-do-	reserved for Zaireen of Zahiden		Punjab University Campus Jhelum Jhelum	0	0
622	Jhelum	Govt. College for Women P.D Khan		16	34	-do-			Govt. College for Women P.D Khan Jhelum	0	0
623	Jhelum	Govt. Special Education Institute PD Khan		26	72	-do-			Govt. Special Education Institute PD Khan Jhelum	0	0
624	Total		369	3649	5145					46.3144754	11.0480288
625	Sahiwal	Govt Post Graduate College Boys College Govt Post Graduate College for women Government Sahiwal University Sahiwal Sahiwal Medical College Sahiwa		322	1128	"Water Supply, Sewerage system,(Washrooms) Electricity, mess, are available and functional"	DO		Govt Post Graduate College Boys College Govt Post Graduate College for women Government Sahiwal University Sahiwal Sahiwal Medical College Sahiwa Sahiwal	0	0
626	Okara	RHC Shergarh		28	71	"Electricity, Back up Power, Sewerage, Water Supply,
Drinking Water Availability, Meals, Security"	Funtional		RHC Shergarh Okara	0	0
627	Okara	Government Degree College for Gogera		30	50	Same as above	Funtional		Government Degree College for Gogera Okara	0	0
628	Okara	"Government Women College, Basirpur"		26	50	Same as above	Funtional		"Government Women College, Basirpur Okara"	0	0
629	Okara	Cadet College		131	500	Same as above	Funtional		Cadet College Okara	27.35410885	68.12775757
630	Okara	Agriculture University		52	500	Same as above	Funtional		Agriculture University Okara	8.9811292	76.8108772
631	Okara	University of Okara		68	1500	Same as above	Funtional		University of Okara Okara	0	0
632	Okara	Govt. Degree college for boys		24	50	Same as above	Funtional		Govt. Degree college for boys Okara	0	0
633	Okara	Govt. Girls Degree College		16	50	Same as above	Funtional		Govt. Girls Degree College Okara	0	0
634	Okara	Nursing Hostel		37	74	Same as above	Funtional		Nursing Hostel Okara	0	0
635	Okara	"Working Women Hostel, Okara"		10	10	Same as above	Funtional		"Working Women Hostel, Okara Okara"	0	0
636	Okara	"Govt Degree College for South City,
Okara"		24	50	Same as above	Funtional		"Govt Degree College for South City,
Okara Okara"	0	0
637	Okara	"Government Women College, Depalpur"		21	100	Same as above	Funtional		"Government Women College, Depalpur Okara"	0	0
638	Okara	"Government Boys College, Basirpur"		16	50	Same as above	Funtional		"Government Boys College, Basirpur Okara"	0	0
639	Okara	"Government Boys College, Haveli Lakha"		16	50	Same as above	Funtional		"Government Boys College, Haveli Lakha Okara"	0	0
640	Okara	"Government Girls College, Haveli Lakha"		20	50	Same as above	Funtional		"Government Girls College, Haveli Lakha Okara"	0	0
641	Okara	"Government Girls College, Hujra Shah
Muqeem"		26	50	Same as above	Funtional		"Government Girls College, Hujra Shah
Muqeem Okara"	0	0
642	Okara	"Government Postgraduate College for
Boys, Okara"		50	50	Same as above	Funtional		"Government Postgraduate College for
Boys, Okara Okara"	0	0
643	Okara	"Government Postgraduate College for
Women, Okara"		38	38	Same as above	Funtional		"Government Postgraduate College for
Women, Okara Okara"	0	0
644	Okara	"Government Commerce College, Okara"		11	50	Same as above	Funtional		"Government Commerce College, Okara Okara"	0	0
645	Okara	Government Boys College Depalpur		14	50	Same as above	Funtional		Government Boys College Depalpur Okara	0	0
646	Pakpattan	Hostel Govt. Girls College Pakpattan		20	20	"Wash Rooms, Electricity, Backup Power, Sewerage
System, Water and Boundy Wall are available. Portable wash rooms would be required."			Hostel Govt. Girls College Pakpattan Pakpattan	0	0
647	Pakpattan	Academic Block Girls College Pakpattan		6	6	DO			Academic Block Girls College Pakpattan Pakpattan	0	0
648	Pakpattan	Al-Badar School Pakpattan		30	30	DO			Al-Badar School Pakpattan Pakpattan	0	0
649	Pakpattan	Cambridge College for Boys Pakpattan		8	8	DO			Cambridge College for Boys Pakpattan Pakpattan	0	0
650	Pakpattan	"Government High School Sahiwal Road,
Pakpattan"		15	15	DO			"Government High School Sahiwal Road,
Pakpattan Pakpattan"	0	0
651	Pakpattan	"Government City Girls High School
Pakpattan"		20	20	DO			"Government City Girls High School
Pakpattan Pakpattan"	0	0
652	Pakpattan	"University of Lahore, Baba Farid Campus,
Sahiwal Road, Pakpattan"		14	14	DO			"University of Lahore, Baba Farid Campus,
Sahiwal Road, Pakpattan Pakpattan"	0	0
653	Pakpattan	"District Public School (DPS), Hotta Road
Pakpattan"		17	40	DO			"District Public School (DPS), Hotta Road
Pakpattan Pakpattan"	0	0
654	Pakpattan	"Govt. College of Commerce Hotta Road
Pakpattan"		17	40	DO			"Govt. College of Commerce Hotta Road
Pakpattan Pakpattan"	0	0
655	Pakpattan	"Dare-Arqum School, Pakpattan"		40	40	DO			"Dare-Arqum School, Pakpattan Pakpattan"	0	0
656	Pakpattan	"Oxford College, Pakpattan"		20	20	DO			"Oxford College, Pakpattan Pakpattan"	0	0
657	Pakpattan	"Royal Gardan Morque, Depalpur Road
Pakpattan"	3		75	DO	1 Hall 2 Rooms		"Royal Gardan Morque, Depalpur Road
Pakpattan Pakpattan"	0	0
658	Pakpattan	THQ Hospital Arifwala		9	9	DO			THQ Hospital Arifwala Pakpattan	0	0
659	Pakpattan	"Hostel Govt. Girls College, Arifwala"		17	17	DO			"Hostel Govt. Girls College, Arifwala Pakpattan"	0	0
660	Pakpattan	"Academic Block Govt. Girls College,
Arifwala"		17	17	DO			"Academic Block Govt. Girls College,
Arifwala Pakpattan"	0	0
661	Pakpattan	"Govt. College for Boys (Academic Block),
Arifwala"		33	33	DO			"Govt. College for Boys (Academic Block),
Arifwala Pakpattan"	0	0
662	Pakpattan	"Allied School, Qaboola Road, Arifwala"		37	37	DO			"Allied School, Qaboola Road, Arifwala Pakpattan"	0	0
663	Pakpattan	Aspire College Arifwala		15	15	DO			Aspire College Arifwala Pakpattan	0	0
664	Pakpattan	"Misali Zakria Public School/ College,
Arifwala"		25	25	DO			"Misali Zakria Public School/ College,
Arifwala Pakpattan"	0	0
665	Pakpattan	"Superior College, Sahiwal Road, Arifwala"		18	18	DO			"Superior College, Sahiwal Road, Arifwala Pakpattan"	0	0
666	Pakpattan	DPS Arifwala		10	10	DO			DPS Arifwala Pakpattan	0	0
667	Pakpattan	"Punjab College-1, Qaboola Road, Arifwala"		25	25	DO			"Punjab College-1, Qaboola Road, Arifwala Pakpattan"	0	0
668	Pakpattan	"Punjab College-2, Qaboola Road, Arifwala"		16	16	DO			"Punjab College-2, Qaboola Road, Arifwala Pakpattan"	0	0
669	Pakpattan	"Lahore Grammar School, Qaboola Road,
Arifwala"		26	26	DO			"Lahore Grammar School, Qaboola Road,
Arifwala Pakpattan"	0	0
670	Pakpattan	"New Beacon House School, Qaboola
Road, Arifwala"		24	24	DO			"New Beacon House School, Qaboola
Road, Arifwala Pakpattan"	0	0
671	Pakpattan	"Government Boys MC High School
Arifwala"		11	11	DO			"Government Boys MC High School
Arifwala Pakpattan"	0	0
672	Pakpattan	"Government Girls MC High School
Arifwala"		25	25	DO			"Government Girls MC High School
Arifwala Pakpattan"	0	0
673	Pakpattan	"Government High School M-Block
Arifwala"		31	31	DO			"Government High School M-Block
Arifwala Pakpattan"	0	0
674	Pakpattan	"Govt. High School Kot Khuda Bakhsh
Arifwala"		27	27	DO			"Govt. High School Kot Khuda Bakhsh
Arifwala Pakpattan"	0	0
675	Pakpattan	Govt. Higher Secondary School Qaboola		22	22	DO			Govt. Higher Secondary School Qaboola Pakpattan	0	0
676	Pakpattan	Ahmad Medical Complex Arifwala		5	5	DO			Ahmad Medical Complex Arifwala Pakpattan	0	0
677	Pakpattan	NDS Arifwala		15	15	DO			NDS Arifwala Pakpattan	0	0
678	Pakpattan	11-Private Hospitals in Arifwala		79	79	DO			11-Private Hospitals in Arifwala Pakpattan	0	0
679	Total		3	1674	5336					0	0
680	Sargodha	"College of Agriculture situated at Chak
38/NB Ludday wala bypass Sargodha 06 KM far from main Town (Sargodha)"		114	450	"Boundary wall, sewerage, water supply, electricity,
drinking water are available. 24 washrooms, Sui gas not available"	Under process		"College of Agriculture situated at Chak
38/NB Ludday wala bypass Sargodha 06 KM far from main Town (Sargodha) Sargodha"	0	0
681	Sargodha	Sargodha Medical College (03) Hostels 10 KM far from main town (Sargodha)		363	876	"Boundary wall, sewerage, water supply, electricity,
drinking water, 136 washrooms, are available. Sui gas not available"	Under process		Sargodha Medical College (03) Hostels 10 KM far from main town (Sargodha) Sargodha	0	0
682	Bhakkar	"Hostel of Govt. Post Graduate College for Boys, Bhakkar"		34	82	"Boundary wall, sewerage, water supply, electricity,
drinking water, 40 beds completed in all respect i.e. pillow, blanket, matress etc."	Established		"Hostel of Govt. Post Graduate College for Boys, Bhakkar Bhakkar"	0	0
683	Bhakkar	"Hostel of Government College For
Women, Bhakkar"		20	40	DO	Proposed		"Hostel of Government College For
Women, Bhakkar Bhakkar"	0	0
684	Bhakkar	"Hotel Shehzad, City Bhakkar"		22	64	DO	Proposed		"Hotel Shehzad, City Bhakkar Bhakkar"	0	0
685	Bhakkar	"University of Sargodha, Bhakkar Campus"		50	150	DO	Proposed		"University of Sargodha, Bhakkar Campus Bhakkar"	0	0
686	Bhakkar	Govt College of Technology City Bhakkar		15	59	DO	Proposed		Govt College of Technology City Bhakkar Bhakkar	0	0
687	Bhakkar	"Hotel Sawan, Dullewala Road, Darya
Khan"	12		24	DO			"Hotel Sawan, Dullewala Road, Darya
Khan Bhakkar"	0	0
688	Khushab	Govt. residences of Health Deptt 35 KM far from main town (Khushab)		14	50	"Boundary wall, sewerage, water supply, electricity,
drinking water are available. 09 washrooms, Sui gas not available"	Under process		Govt. residences of Health Deptt 35 KM far from main town (Khushab) Khushab	0	0
689	Khushab	Punjab college 03 KM from main Town. Double Story building		8	50	"Boundary wall, sewerage, water supply, electricity,
drinking water are available. 12 washrooms, Sui gas not available"	Under process		Punjab college 03 KM from main Town. Double Story building Khushab	0	0
690	Mianwali	Danish School Boys Campus Hernoli		30	240	"Light, Water, Washrooms, Boundary Wall Backup
power availability"	"sufficient facilities to
accommodate"		Danish School Boys Campus Hernoli Mianwali	0	0
691	Mianwali	Royal Inn Hotel	50		50	"Light, Water, Washrooms, Boundary Wall Backup
power availability"	"sufficient facilities to
accommodate"		Royal Inn Hotel Mianwali	0	0
692	Mianwali	Shehzad Hotel	25		25	"Light, Water, Washrooms, Boundary Wall Backup
power availability"	"sufficient facilities to
accommodate"		Shehzad Hotel Mianwali	0	0
693	Mianwali	Al-Miraj Hotel	15		15	"Light, Water, Washrooms, Boundary Wall Backup
power availability"	"sufficient facilities to
accommodate"		Al-Miraj Hotel Mianwali	0	0
694	Total		102	670	2175					0	0
695	Grand Total		8636	27994	66985					0	0
